"kodeunit","tanggal","unsur","kodeafd","kodebud","norek","netral","kodebarang","qtyBrg_RKAP","qtyBrg_PMK","klsKary","jmlHK_RKAP","jmlHsl_RKAP","jmlKary_RKAP","nilai_RKAP","jmlHK_PMK","jmlHsl_PMK","jmlKary_PMK","nilai_PMK","kodeblok","thntnm","HaJelajah_RKAP","HaJelajah_PMK","KMK",
"10","13-07-2017 00:00:00","GU","02","02","400010000","","","0","0","A","0","0","0","18088000","0","0","0","15303000","","","0","0","01",
"10","13-07-2017 00:00:00","GU","02","02","401010000","","","0","0","B","0","0","0","35696000","0","0","0","52032000","","","0","0","01",
"10","13-07-2017 00:00:00","GU","02","02","403240000","","","0","0","","0","0","0","6029000","0","0","0","5000000","","","0","0","01",
"10","13-07-2017 00:00:00","GU","02","02","403250000","","","0","0","","0","0","0","7058000","0","0","0","6968000","","","0","0","01",
"10","13-07-2017 00:00:00","GU","02","02","403260000","","","0","0","","0","0","0","8261000","0","0","0","5447000","","","0","0","01",
"10","13-07-2017 00:00:00","GU","02","02","403270000","","","0","0","","0","0","0","2758000","0","0","0","1758000","","","0","0","01",
"10","13-07-2017 00:00:00","GU","02","02","404160000","","","0","0","","0","0","0","0","0","0","0","0","","","0","0","01",
"10","13-07-2017 00:00:00","GU","02","02","404170000","","","0","0","","0","0","0","11898000","0","0","0","18062000","","","0","0","01",
"10","13-07-2017 00:00:00","GU","02","02","410010100","","","0","0","B","0","0","0","1485000","0","0","0","1136000","","","0","0","01",
"10","13-07-2017 00:00:00","GU","02","02","410020100","","","0","0","","0","0","0","0","0","0","0","0","","","0","0","01",
"10","13-07-2017 00:00:00","GU","02","02","411010100","","","0","0","C","0","0","0","2356000","0","0","0","1171000","","","0","0","01",
"10","13-07-2017 00:00:00","GU","02","02","413010100","","","0","0","","0","0","0","340000","0","0","0","1171000","","","0","0","01",
"10","13-07-2017 00:00:00","GU","02","02","413020100","","","0","0","","0","0","0","0","0","0","0","0","","","0","0","01",
"10","13-07-2017 00:00:00","GU","02","02","413030100","","","0","0","","0","0","0","0","0","0","0","0","","","0","0","01",
"10","13-07-2017 00:00:00","GU","02","02","414010100","","","0","0","","0","0","0","1185000","0","0","0","1517000","","","0","0","01",
"10","13-07-2017 00:00:00","GU","02","02","414020100","","","0","0","","0","0","0","0","0","0","0","10000000","","","0","0","01",
"10","13-07-2017 00:00:00","GU","02","02","423010000","","","0","0","B","0","0","0","18519000","0","0","0","26756000","","","0","0","01",
"10","13-07-2017 00:00:00","GU","02","02","424010000","","","0","0","","0","0","0","2147000","0","0","0","2387000","","","0","0","01",
"10","13-07-2017 00:00:00","GU","02","02","425010000","","","0","0","","0","0","0","1080000","0","0","0","1201000","","","0","0","01",
"10","13-07-2017 00:00:00","GU","02","02","600000100","0200","","0","0","A","0","0","0","31365000","0","0","0","23756000","","","0","0","01",
"10","13-07-2017 00:00:00","GU","02","02","600000111","0200","","0","0","A","0","0","0","0","0","0","0","6118000","","","0","0","01",
"10","13-07-2017 00:00:00","GU","02","02","600000112","0200","","0","0","A","0","0","0","0","0","0","0","0","","","0","0","01",
"10","13-07-2017 00:00:00","GU","02","02","600000113","0200","","0","0","A","0","0","0","4609000","0","0","0","4706000","","","0","0","01",
"10","13-07-2017 00:00:00","GU","02","02","600000114","0200","","0","0","A","0","0","0","0","0","0","0","0","","","0","0","01",
"10","13-07-2017 00:00:00","GU","02","02","600000200","0200","","0","0","A","0","0","0","4805000","0","0","0","3092000","","","0","0","01",
"10","13-07-2017 00:00:00","GU","02","02","600000211","0200","","0","0","A","0","0","0","0","0","0","0","1247000","","","0","0","01",
"10","13-07-2017 00:00:00","GU","02","02","600000213","0200","","0","0","A","0","0","0","847000","0","0","0","847000","","","0","0","01",
"10","13-07-2017 00:00:00","GU","02","02","600000214","0200","","0","0","A","0","0","0","42000","0","0","0","339000","","","0","0","01",
"10","13-07-2017 00:00:00","BB","02","02","410010200","","","0","0","","0","0","0","500000","0","0","0","500000","","","0","0","01",
"10","13-07-2017 00:00:00","BB","02","02","410020200","","","0","0","","0","0","0","0","0","0","0","0","","","0","0","01",
"10","13-07-2017 00:00:00","BB","02","02","411010200","","","0","0","","0","0","0","500000","0","0","0","500000","","","0","0","01",
"10","13-07-2017 00:00:00","BB","02","02","411020200","","","0","0","","0","0","0","0","0","0","0","0","","","0","0","01",
"10","13-07-2017 00:00:00","BB","02","02","411080200","","","0","0","","0","0","0","0","0","0","0","0","","","0","0","01",
"10","13-07-2017 00:00:00","BB","02","02","412010200","","","0","0","","0","0","0","208000","0","0","0","200000","","","0","0","01",
"10","13-07-2017 00:00:00","BB","02","02","412020100","","","0","0","","0","0","0","0","0","0","0","0","","","0","0","01",
"10","13-07-2017 00:00:00","BB","02","02","413010200","","","0","0","","0","0","0","167000","0","0","0","0","","","0","0","01",
"10","13-07-2017 00:00:00","BB","02","02","413020200","","","0","0","","0","0","0","0","0","0","0","0","","","0","0","01",
"10","13-07-2017 00:00:00","BB","02","02","413030200","","","0","0","","0","0","0","0","0","0","0","0","","","0","0","01",
"10","13-07-2017 00:00:00","BB","02","02","414010200","","","0","0","","0","0","0","166000","0","0","0","500000","","","0","0","01",
"10","13-07-2017 00:00:00","BB","02","02","423020000","","","0","0","","0","0","0","26000","0","0","0","0","","","0","0","01",
"10","13-07-2017 00:00:00","BB","02","02","424040000","","","0","0","","0","0","0","48000","0","0","0","250000","","","0","0","01",
"10","13-07-2017 00:00:00","BB","02","02","424090000","","","0","0","","0","0","0","0","0","0","0","0","","","0","0","01",
"10","13-07-2017 00:00:00","BB","02","02","425050000","","","0","0","","0","0","0","0","0","0","0","0","","","0","0","01",
"10","13-07-2017 00:00:00","LL","02","02","403010100","","","0","0","","0","0","0","2011000","0","0","0","2011000","","","0","0","01",
"10","13-07-2017 00:00:00","LL","02","02","403020000","","","0","0","","0","0","0","927000","0","0","0","625000","","","0","0","01",
"10","13-07-2017 00:00:00","LL","02","02","403040000","","","0","0","","0","0","0","165000","0","0","0","165000","","","0","0","01",
"10","13-07-2017 00:00:00","LL","02","02","403060000","","","0","0","","0","0","0","377000","0","0","0","1595000","","","0","0","01",
"10","13-07-2017 00:00:00","LL","02","02","403100000","","","0","0","","0","0","0","1534000","0","0","0","2340000","","","0","0","01",
"10","13-07-2017 00:00:00","LL","02","02","403120000","","","0","0","","0","0","0","8650000","0","0","0","3700000","","","0","0","01",
"10","13-07-2017 00:00:00","LL","02","02","403230000","","","0","0","","0","0","0","3668000","0","0","0","1668000","","","0","0","01",
"10","13-07-2017 00:00:00","LL","02","02","404010100","","","0","0","","0","0","0","36230000","0","0","0","26230000","","","0","0","01",
"10","13-07-2017 00:00:00","LL","02","02","404030000","","","0","0","","0","0","0","1187000","0","0","0","1737000","","","0","0","01",
"10","13-07-2017 00:00:00","LL","02","02","404050000","","","0","0","","0","0","0","3194000","0","0","0","3194000","","","0","0","01",
"10","13-07-2017 00:00:00","LL","02","02","404060000","","","0","0","","0","0","0","461000","0","0","0","461000","","","0","0","01",
"10","13-07-2017 00:00:00","LL","02","02","404080000","","","0","0","","0","0","0","3197000","0","0","0","4631000","","","0","0","01",
"10","13-07-2017 00:00:00","LL","02","02","404100000","","","0","0","","0","0","0","2409000","0","0","0","2683000","","","0","0","01",
"10","13-07-2017 00:00:00","LL","02","02","404140000","","","0","0","","0","0","0","89000","0","0","0","89000","","","0","0","01",
"10","13-07-2017 00:00:00","LL","02","02","405010100","","","0","0","","0","0","0","10214000","0","0","0","10213000","","","0","0","01",
"10","13-07-2017 00:00:00","LL","02","02","405010102","","","0","0","","0","0","0","57929000","0","0","0","40930000","","","0","0","01",
"10","13-07-2017 00:00:00","LL","02","02","405020000","","","0","0","","0","0","0","721000","0","0","0","515000","","","0","0","01",
"10","13-07-2017 00:00:00","LL","02","02","405040000","","","0","0","","0","0","0","880000","0","0","0","880000","","","0","0","01",
"10","13-07-2017 00:00:00","LL","02","02","405050000","","","0","0","","0","0","0","1927000","0","0","0","1540000","","","0","0","01",
"10","13-07-2017 00:00:00","LL","02","02","405060000","","","0","0","","0","0","0","1543000","0","0","0","1785000","","","0","0","01",
"10","13-07-2017 00:00:00","LL","02","02","405070000","","","0","0","","0","0","0","254000","0","0","0","254000","","","0","0","01",
"10","13-07-2017 00:00:00","LL","02","02","406010000","","","0","0","","0","0","0","25231000","0","0","0","36276000","","","0","0","01",
"10","13-07-2017 00:00:00","LL","02","02","406020000","","","0","0","","0","0","0","36731000","0","0","0","32250000","","","0","0","01",
"10","13-07-2017 00:00:00","LL","02","02","406030000","","","0","0","","0","0","0","8580000","0","0","0","11758000","","","0","0","01",
"10","13-07-2017 00:00:00","LL","02","02","406040000","","","0","0","","0","0","0","7500000","0","0","0","5250000","","","0","0","01",
"10","13-07-2017 00:00:00","LL","02","02","407010000","","","0","0","","0","0","0","0","0","0","0","7530000","","","0","0","01",
"10","13-07-2017 00:00:00","LL","02","02","407050000","","","0","0","","0","0","0","16767000","0","0","0","0","","","0","0","01",
"10","13-07-2017 00:00:00","LL","02","02","412020100","","","0","0","","0","0","0","4260000","0","0","0","4300000","","","0","0","01",
"10","13-07-2017 00:00:00","LL","02","02","420000000","","","0","0","","0","0","0","1750000","0","0","0","1750000","","","0","0","01",
"10","13-07-2017 00:00:00","LL","02","02","420020000","","","0","0","","0","0","0","0","0","0","0","0","","","0","0","01",
"10","13-07-2017 00:00:00","LL","02","02","421010000","","","0","0","","0","0","0","90269000","0","0","0","120269000","","","0","0","01",
"10","13-07-2017 00:00:00","LL","02","02","421050000","","","0","0","","0","0","0","500000","0","0","0","500000","","","0","0","01",
"10","13-07-2017 00:00:00","LL","02","02","422020000","","","0","0","","0","0","0","305000","0","0","0","1131000","","","0","0","01",
"10","13-07-2017 00:00:00","LL","02","02","422030000","","","0","0","","0","0","0","3014000","0","0","0","3013000","","","0","0","01",
"10","13-07-2017 00:00:00","LL","02","02","422040000","","","0","0","","0","0","0","111000","0","0","0","385000","","","0","0","01",
"10","13-07-2017 00:00:00","LL","02","02","422060000","","","0","0","","0","0","0","2289000","0","0","0","262000","","","0","0","01",
"10","13-07-2017 00:00:00","LL","02","02","423030000","","","0","0","","0","0","0","5261000","0","0","0","7499000","","","0","0","01",
"10","13-07-2017 00:00:00","LL","02","02","423040000","","","0","0","","0","0","0","81000","0","0","0","83000","","","0","0","01",
"10","13-07-2017 00:00:00","LL","02","02","423050000","","","0","0","","0","0","0","0","0","0","0","0","","","0","0","01",
"10","13-07-2017 00:00:00","LL","02","02","424050000","","","0","0","","0","0","0","229000","0","0","0","0","","","0","0","01",
"10","13-07-2017 00:00:00","LL","02","02","424050200","","","0","0","","0","0","0","682000","0","0","0","0","","","0","0","01",
"10","13-07-2017 00:00:00","LL","02","02","424080300","","","0","0","","0","0","0","16184000","0","0","0","16900000","","","0","0","01",
"10","13-07-2017 00:00:00","LL","02","02","424090000","","","0","0","","0","0","0","9000","0","0","0","9000","","","0","0","01",
"10","13-07-2017 00:00:00","LL","02","02","426010000","","","0","0","","0","0","0","3743000","0","0","0","3500000","","","0","0","01",
"10","13-07-2017 00:00:00","LL","02","02","426020000","","","0","0","","0","0","0","889000","0","0","0","750000","","","0","0","01",
"10","13-07-2017 00:00:00","LL","02","02","426040000","","","0","0","","0","0","0","0","0","0","0","1000000","","","0","0","01",
"10","13-07-2017 00:00:00","LL","02","02","426050000","","","0","0","","0","0","0","0","0","0","0","0","","","0","0","01",
"10","13-07-2017 00:00:00","LL","02","02","426060000","","","0","0","","0","0","0","116000","0","0","0","150000","","","0","0","01",
"10","13-07-2017 00:00:00","LL","02","02","426070000","","","0","0","","0","0","0","113000","0","0","0","150000","","","0","0","01",
"10","13-07-2017 00:00:00","LL","02","02","426080000","","","0","0","","0","0","0","6527000","0","0","0","2000000","","","0","0","01",
"10","13-07-2017 00:00:00","LL","02","02","426090000","","","0","0","","0","0","0","1407000","0","0","0","500000","","","0","0","01",
"10","13-07-2017 00:00:00","LL","02","02","426100000","","","0","0","","0","0","0","6249000","0","0","0","1000000","","","0","0","01",
"10","13-07-2017 00:00:00","LL","02","02","426110000","","","0","0","","0","0","0","64000","0","0","0","0","","","0","0","01",
"10","13-07-2017 00:00:00","LL","02","02","426120000","","","0","0","","0","0","0","824000","0","0","0","1000000","","","0","0","01",
"10","13-07-2017 00:00:00","LL","02","02","490000100","0200","","0","0","","0","0","0","50024000","0","0","0","50024000","","","0","0","01",
"10","13-07-2017 00:00:00","LL","02","02","490000200","0200","","0","0","","0","0","0","70039000","0","0","0","70039000","","","0","0","01",
"10","13-07-2017 00:00:00","LL","02","02","600000101","0200","","0","0","","0","0","0","1039000","0","0","0","1039000","","","0","0","01",
"10","13-07-2017 00:00:00","LL","02","02","600000104","0200","","0","0","","0","0","0","1468000","0","0","0","1866000","","","0","0","01",
"10","13-07-2017 00:00:00","LL","02","02","600000105","0200","","0","0","","0","0","0","404000","0","0","0","774000","","","0","0","01",
"10","13-07-2017 00:00:00","LL","02","02","600000107","0200","","0","0","","0","0","0","1681000","0","0","0","1623000","","","0","0","01",
"10","13-07-2017 00:00:00","LL","02","02","600000115","0200","","0","0","","0","0","0","2432000","0","0","0","3116000","","","0","0","01",
"10","13-07-2017 00:00:00","LL","02","02","600000201","0200","","0","0","","0","0","0","206000","0","0","0","208000","","","0","0","01",
"10","13-07-2017 00:00:00","LL","02","02","600000203","0200","","0","0","","0","0","0","0","0","0","0","0","","","0","0","01",
"10","13-07-2017 00:00:00","LL","02","02","600000204","0200","","0","0","","0","0","0","297000","0","0","0","299000","","","0","0","01",
"10","13-07-2017 00:00:00","LL","02","02","600000205","0200","","0","0","","0","0","0","82000","0","0","0","78000","","","0","0","01",
"10","13-07-2017 00:00:00","LL","02","02","600000207","0200","","0","0","","0","0","0","306000","0","0","0","309000","","","0","0","01",
"10","13-07-2017 00:00:00","LL","02","02","600000215","0200","","0","0","","0","0","0","482000","0","0","0","649000","","","0","0","01",
"10","14-07-2017 00:00:00","BB","30","02","604010300","0200","","0","0","","0","0","0","17448000","0","0","0","21602000","","","0","0","01",
"10","14-07-2017 00:00:00","BB","30","02","604020401","0200","","0","0","","0","0","0","69792000","0","0","0","73961000","","","0","0","01",
"10","14-07-2017 00:00:00","LL","30","02","604190101","0200","","0","0","","0","0","0","621000","0","0","0","267000","","","0","0","01",
"10","14-07-2017 00:00:00","LL","30","02","604190104","0200","","0","0","","0","0","0","1454000","0","0","0","464000","","","0","0","01",
"10","14-07-2017 00:00:00","LL","30","02","604190105","0200","","0","0","","0","0","0","115000","0","0","0","50000","","","0","0","01",
"10","14-07-2017 00:00:00","LL","30","02","604190114","0200","","0","0","","0","0","0","0","0","0","0","0","","","0","0","01",
"10","14-07-2017 00:00:00","LL","30","02","604190115","0200","","0","0","","0","0","0","1243000","0","0","0","535000","","","0","0","01",
"10","14-07-2017 00:00:00","LL","30","02","604190201","0200","","0","0","","0","0","0","888000","0","0","0","621000","","","0","0","01",
"10","14-07-2017 00:00:00","LL","30","02","604190204","0200","","0","0","","0","0","0","1918000","0","0","0","1988000","","","0","0","01",
"10","14-07-2017 00:00:00","LL","30","02","604190205","0200","","0","0","","0","0","0","165000","0","0","0","2870000","","","0","0","01",
"10","14-07-2017 00:00:00","LL","30","02","604190214","0200","","0","0","","0","0","0","0","0","0","0","0","","","0","0","01",
"10","14-07-2017 00:00:00","LL","30","02","604190215","0200","","0","0","","0","0","0","1778000","0","0","0","0","","","0","0","01",
"10","14-07-2017 00:00:00","LL","20","02","605190205","0200","","0","0","","0","0","0","0","0","0","0","0","","","0","0","01",
"10","14-07-2017 00:00:00","LL","20","02","605190215","0200","","0","0","","0","0","0","0","0","0","0","0","","","0","0","01",
"10","14-07-2017 00:00:00","LL","20","02","609040212","0200","","0","0","","0","0","0","-72307000","0","0","0","-63741000","","","0","0","01",
"10","18-07-2017 00:00:00","LL","10","02","601071900","0200","","0","0","","0","0","0","0","0","0","0","16318334","0600","2009","0","0","01",
"10","18-07-2017 00:00:00","LL","10","02","601190101","0200","","0","0","","0","0","0","706682","0","0","0","706682","0600","2009","0","0","01",
"10","18-07-2017 00:00:00","LL","10","02","601190102","0200","","0","0","","0","0","0","0","0","0","0","0","0600","2009","0","0","01",
"10","18-07-2017 00:00:00","LL","10","02","601190104","0200","","0","0","","0","0","0","1162570","0","0","0","1162570","0600","2009","0","0","01",
"10","18-07-2017 00:00:00","LL","10","02","601190105","0200","","0","0","","0","0","0","129020","0","0","0","129020","0600","2009","0","0","01",
"10","18-07-2017 00:00:00","LL","10","02","601190113","0200","","0","0","","0","0","0","114808","0","0","0","114808","0600","2009","0","0","01",
"10","18-07-2017 00:00:00","LL","10","02","601190114","0200","","0","0","","0","0","0","0","0","0","0","0","0600","2009","0","0","01",
"10","18-07-2017 00:00:00","LL","10","02","601190115","0200","","0","0","","0","0","0","1413085","0","0","0","1413085","0600","2009","0","0","01",
"10","18-07-2017 00:00:00","LL","10","02","601190201","0200","","0","0","","0","0","0","0","0","0","0","0","0600","2009","0","0","01",
"10","18-07-2017 00:00:00","LL","10","02","601190204","0200","","0","0","","0","0","0","0","0","0","0","0","0600","2009","0","0","01",
"10","18-07-2017 00:00:00","LL","10","02","601190205","0200","","0","0","","0","0","0","0","0","0","0","0","0600","2009","0","0","01",
"10","18-07-2017 00:00:00","LL","10","02","601190211","0200","","0","0","","0","0","0","0","0","0","0","0","0600","2009","0","0","01",
"10","18-07-2017 00:00:00","LL","10","02","601190215","0200","","0","0","","0","0","0","0","0","0","0","0","0600","2009","0","0","01",
"10","18-07-2017 00:00:00","LL","10","02","602140200","0200","","0","0","","0","0","0","26823539","0","0","0","27002439","0600","2009","0","0","01",
"10","18-07-2017 00:00:00","LL","10","02","602190101","0200","","0","0","","0","0","0","630886","0","0","0","630886","0600","2009","0","0","01",
"10","18-07-2017 00:00:00","LL","10","02","602190102","0200","","0","0","","0","0","0","171097","0","0","0","171097","0600","2009","0","0","01",
"10","18-07-2017 00:00:00","LL","10","02","602190104","0200","","0","0","","0","0","0","1036337","0","0","0","1036337","0600","2009","0","0","01",
"10","18-07-2017 00:00:00","LL","10","02","602190105","0200","","0","0","","0","0","0","115365","0","0","0","115365","0600","2009","0","0","01",
"10","18-07-2017 00:00:00","LL","10","02","602190111","0200","","0","0","","0","0","0","0","0","0","0","0","0600","2009","0","0","01",
"10","18-07-2017 00:00:00","BB","11","02","601030100","0200","","0","0","","0","0","0","20901","0","0","0","20688","0200","1999","0","0","01",
"10","18-07-2017 00:00:00","BB","11","02","601030400","0200","","0","0","","0","0","0","0","0","0","0","1296319","0200","1999","0","0","01",
"10","18-07-2017 00:00:00","BB","11","02","601040500","0200","","0","0","","0","0","0","0","0","0","0","0","0200","1999","0","0","01",
"10","18-07-2017 00:00:00","BB","11","02","601050200","0200","","0","0","","0","0","0","1286295","0","0","0","1929549","0200","1999","0","0","01",
"10","18-07-2017 00:00:00","BB","11","02","601060101","0200","","0","0","","0","0","0","791911","0","0","0","791911","0200","1999","0","0","01",
"10","18-07-2017 00:00:00","BB","11","02","601060102","0200","","0","0","","0","0","0","434026","0","0","0","434026","0200","1999","0","0","01",
"10","18-07-2017 00:00:00","BB","11","02","601060103","0200","","0","0","","0","0","0","278758","0","0","0","0","0200","1999","0","0","01",
"10","18-07-2017 00:00:00","BB","11","02","601060104","0200","","0","0","","0","0","0","609342","0","0","0","0","0200","1999","0","0","01",
"10","18-07-2017 00:00:00","BB","11","02","601060201","0200","","0","0","","0","0","0","0","0","0","0","1182214","0200","1999","0","0","01",
"10","18-07-2017 00:00:00","BB","11","02","601070100","0200","","0","0","","0","0","0","0","0","0","0","98180490","0200","1999","0","0","01",
"10","18-07-2017 00:00:00","BB","11","02","601070200","0200","","0","0","","0","0","0","352339","0","0","0","1792623","0200","1999","0","0","01",
"10","18-07-2017 00:00:00","BB","11","02","601070400","0200","","0","0","","0","0","0","1593419","0","0","0","3906233","0200","1999","0","0","01",
"10","18-07-2017 00:00:00","BB","11","02","601070500","0200","","0","0","","0","0","0","11165022","0","0","0","7258789","0200","1999","0","0","01",
"10","18-07-2017 00:00:00","BB","11","02","601080100","0200","","0","0","","0","0","0","0","0","0","0","0","0200","1999","0","0","01",
"10","18-07-2017 00:00:00","BB","11","02","602130000","0200","","0","0","","0","0","0","39077684","0","0","0","27717937","0200","1999","0","0","01",
"10","14-07-2017 00:00:00","LL","20","02","603110100","0200","","0","0","","0","0","0","316000","0","0","0","368000","","","0","0","01",
"10","14-07-2017 00:00:00","LL","20","02","603110200","0200","","0","0","","0","0","0","0","0","0","0","0","","","0","0","01",
"10","14-07-2017 00:00:00","LL","20","02","603110201","0200","","0","0","","0","0","0","177923000","0","0","0","207237000","","","0","0","01",
"10","14-07-2017 00:00:00","LL","20","02","603110400","0200","","0","0","","0","0","0","4909000","0","0","0","5450000","","","0","0","01",
"10","14-07-2017 00:00:00","LL","20","02","603190101","0200","","0","0","","0","0","0","642000","0","0","0","642000","","","0","0","01",
"10","14-07-2017 00:00:00","LL","20","02","603190104","0200","","0","0","","0","0","0","1097000","0","0","0","1097000","","","0","0","01",
"10","14-07-2017 00:00:00","LL","20","02","603190105","0200","","0","0","","0","0","0","120000","0","0","0","120000","","","0","0","01",
"10","14-07-2017 00:00:00","LL","20","02","603190115","0200","","0","0","","0","0","0","1283000","0","0","0","1283000","","","0","0","01",
"10","14-07-2017 00:00:00","LL","20","02","603190201","0200","","0","0","","0","0","0","5410000","0","0","0","7314000","","","0","0","01",
"10","14-07-2017 00:00:00","LL","20","02","603190204","0200","","0","0","","0","0","0","12156000","0","0","0","16435000","","","0","0","01",
"10","14-07-2017 00:00:00","LL","20","02","603190205","0200","","0","0","","0","0","0","1001000","0","0","0","1354000","","","0","0","01",
"10","14-07-2017 00:00:00","LL","20","02","603190215","0200","","0","0","","0","0","0","10819000","0","0","0","14627000","","","0","0","01",
"10","14-07-2017 00:00:00","LL","20","02","605190101","0200","","0","0","","0","0","0","1006000","0","0","0","1187000","","","0","0","01",
"10","14-07-2017 00:00:00","LL","20","02","605190104","0200","","0","0","","0","0","0","1070000","0","0","0","1246000","","","0","0","01",
"10","14-07-2017 00:00:00","LL","20","02","605190105","0200","","0","0","","0","0","0","88000","0","0","0","103000","","","0","0","01",
"10","14-07-2017 00:00:00","LL","20","02","605190115","0200","","0","0","","0","0","0","952000","0","0","0","1109000","","","0","0","01",
"10","14-07-2017 00:00:00","LL","20","02","605190201","0200","","0","0","","0","0","0","0","0","0","0","0","","","0","0","01",
"10","18-07-2017 00:00:00","BB","20","02","603070000","0200","","0","0","","0","0","0","874000","0","0","0","1018000","","","0","0","01",
"10","18-07-2017 00:00:00","BB","20","02","603080000","0200","","0","0","","0","0","0","18361000","0","0","0","21382000","","","0","0","01",
"10","18-07-2017 00:00:00","BB","20","02","603100300","0200","","0","0","","0","0","0","179024000","0","0","0","333911000","","","0","0","01",
"10","18-07-2017 00:00:00","BB","20","02","605040000","0200","","0","0","","0","0","0","93392000","0","0","0","119167000","","","0","0","01",
"10","14-07-2017 00:00:00","GU","20","02","603010100","0200","","0","0","B","0","0","0","7701000","0","0","0","7701000","","","0","0","01",
"10","14-07-2017 00:00:00","GU","20","02","603020000","0200","","0","0","B","0","0","0","7696000","0","0","0","7696000","","","0","0","01",
"10","14-07-2017 00:00:00","GU","20","02","603030000","0200","","0","0","C","0","0","0","14285000","0","0","0","5619000","","","0","0","01",
"10","14-07-2017 00:00:00","GU","20","02","603030001","0200","","0","0","","0","0","0","12698000","0","0","0","4962000","","","0","0","01",
"10","14-07-2017 00:00:00","GU","20","02","603030002","0200","","0","0","C","0","0","0","14285000","0","0","0","6933000","","","0","0","01",
"10","14-07-2017 00:00:00","GU","20","02","603030003","0200","","0","0","C","0","0","0","28570000","0","0","0","16739000","","","0","0","01",
"10","14-07-2017 00:00:00","GU","20","02","603030100","0200","","0","0","D","0","0","0","0","0","0","0","12608000","","","0","0","01",
"10","14-07-2017 00:00:00","GU","20","02","603030101","0200","","0","0","","0","0","0","0","0","0","0","11240000","","","0","0","01",
"10","14-07-2017 00:00:00","GU","20","02","603030102","0200","","0","0","D","0","0","0","0","0","0","0","11294000","","","0","0","01",
"10","14-07-2017 00:00:00","GU","20","02","603030103","0200","","0","0","D","0","0","0","0","0","0","0","21634000","","","0","0","01",
"10","14-07-2017 00:00:00","GU","20","02","603030200","0200","","0","0","C","0","0","0","14285000","0","0","0","12594000","","","0","0","01",
"10","14-07-2017 00:00:00","GU","20","02","603030300","0200","","0","0","D","0","0","0","0","0","0","0","23861000","","","0","0","01",
"10","14-07-2017 00:00:00","GU","20","02","603040100","0200","","0","0","","0","0","0","45711000","0","0","0","21077000","","","0","0","01",
"10","14-07-2017 00:00:00","GU","20","02","603040200","0200","","0","0","D","0","0","0","0","0","0","0","43731000","","","0","0","01",
"10","14-07-2017 00:00:00","GU","20","02","603190111","0200","","0","0","","0","0","0","0","0","0","0","0","","","0","0","01",
"10","14-07-2017 00:00:00","GU","20","02","603190113","0200","","0","0","","0","0","0","357000","0","0","0","357000","","","0","0","01",
"10","14-07-2017 00:00:00","GU","20","02","603190211","0200","","0","0","","0","0","0","0","0","0","0","0","","","0","0","01",
"10","14-07-2017 00:00:00","GU","20","02","605020100","0200","","0","0","","0","0","0","10898000","0","0","0","4979000","","","0","0","01",
"10","14-07-2017 00:00:00","GU","20","02","605020200","0200","","0","0","","0","0","0","0","0","0","0","8927000","","","0","0","01",
"10","14-07-2017 00:00:00","GU","20","02","605190111","0200","","0","0","","0","0","0","0","0","0","0","2870000","","","0","0","01",
"10","14-07-2017 00:00:00","GU","20","02","609040212","0200","","0","0","","0","0","0","0","0","0","0","0","","","0","0","01",
"10","14-07-2017 00:00:00","GU","30","02","604010200","0200","","0","0","B","0","0","0","7572000","0","0","0","7769000","","","0","0","01",
"10","14-07-2017 00:00:00","GU","30","02","604020100","0200","","0","0","B","0","0","0","7338000","0","0","0","7365000","","","0","0","01",
"10","14-07-2017 00:00:00","GU","30","02","604020200","0200","","0","0","C","0","0","0","21325000","0","0","0","17622000","","","0","0","01",
"10","14-07-2017 00:00:00","GU","30","02","604190111","0200","","0","0","","0","0","0","0","0","0","0","0","","","0","0","01",
"10","14-07-2017 00:00:00","GU","30","02","604190113","0200","","0","0","","0","0","0","119000","0","0","0","119000","","","0","0","01",
"10","14-07-2017 00:00:00","GU","30","02","604190211","0200","","0","0","","0","0","0","0","0","0","0","0","","","0","0","01",
"10","14-07-2017 00:00:00","LL","20","02","605190204","0200","","0","0","","0","0","0","0","0","0","0","0","","","0","0","01",
"10","18-07-2017 00:00:00","GU","10","02","601010100","0200","","0","0","","0","0","0","2858216","0","0","0","2858216","0500","2009","0","0","01",
"10","18-07-2017 00:00:00","GU","10","02","601020100","0200","","0","0","","0","0","0","14099085","0","0","0","14099085","0500","2009","0","0","01",
"10","18-07-2017 00:00:00","GU","10","02","601030100","0200","","0","0","","0","0","0","86385","0","0","0","86385","0500","2009","0","0","01",
"10","18-07-2017 00:00:00","GU","10","02","601030200","0200","","0","0","","0","0","0","43192","0","0","0","43192","0500","2009","0","0","01",
"10","18-07-2017 00:00:00","GU","10","02","601040200","0200","","0","0","","0","0","0","0","0","0","0","0","0500","2009","0","0","01",
"10","18-07-2017 00:00:00","GU","10","02","601050102","0200","","0","0","","0","0","0","4213340","0","0","0","5056008","0500","2009","0","0","01",
"10","18-07-2017 00:00:00","GU","10","02","601050103","0200","","0","0","","0","0","0","8778071","0","0","0","2949338","0500","2009","0","0","01",
"10","18-07-2017 00:00:00","GU","10","02","601050104","0200","","0","0","","0","0","0","13166967","0","0","0","19592311","0500","2009","0","0","01",
"10","18-07-2017 00:00:00","GU","10","02","601050200","0200","","0","0","","0","0","0","5617787","0","0","0","8426959","0500","2009","0","0","01",
"10","18-07-2017 00:00:00","GU","10","02","601060101","0200","","0","0","","0","0","0","518029","0","0","0","518029","0500","2009","0","0","01",
"10","18-07-2017 00:00:00","GU","10","02","601060102","0200","","0","0","","0","0","0","518029","0","0","0","518029","0500","2009","0","0","01",
"10","18-07-2017 00:00:00","GU","10","02","601060103","0200","","0","0","","0","0","0","469821","0","0","0","0","0500","2009","0","0","01",
"10","18-07-2017 00:00:00","GU","10","02","601060104","0200","","0","0","","0","0","0","345260","0","0","0","0","0500","2009","0","0","01",
"10","18-07-2017 00:00:00","GU","10","02","601060201","0200","","0","0","","0","0","0","0","0","0","0","483475","0500","2009","0","0","01",
"10","18-07-2017 00:00:00","GU","10","02","601070100","0200","","0","0","","0","0","0","0","0","0","0","34536293","0500","2009","0","0","01",
"10","18-07-2017 00:00:00","GU","10","02","601070200","0200","","0","0","","0","0","0","0","0","0","0","518029","0500","2009","0","0","01",
"10","18-07-2017 00:00:00","GU","10","02","601070400","0200","","0","0","","0","0","0","0","0","0","0","2302289","0500","2009","0","0","01",
"10","18-07-2017 00:00:00","GU","10","02","601070500","0200","","0","0","","0","0","0","6906868","0","0","0","4604579","0500","2009","0","0","01",
"10","18-07-2017 00:00:00","GU","10","02","601080100","0200","","0","0","","0","0","0","0","0","0","0","14390006","0500","2009","0","0","01",
"10","18-07-2017 00:00:00","GU","10","02","601080102","0200","","0","0","","0","0","0","0","0","0","0","0","0500","2009","0","0","01",
"10","18-07-2017 00:00:00","GU","10","02","601080103","0200","","0","0","","0","0","0","0","0","0","0","0","0500","2009","0","0","01",
"10","18-07-2017 00:00:00","GU","10","02","601080104","0200","","0","0","","0","0","0","0","0","0","0","0","0500","2009","0","0","01",
"10","18-07-2017 00:00:00","GU","10","02","601080105","0200","","0","0","","0","0","0","2878001","0","0","0","2878001","0500","2009","0","0","01",
"10","18-07-2017 00:00:00","GU","10","02","601080106","0200","","0","0","","0","0","0","0","0","0","0","959427","0500","2009","0","0","01",
"10","18-07-2017 00:00:00","GU","10","02","601090901","0200","","0","0","","0","0","0","0","0","0","0","0","0500","2009","0","0","01",
"10","18-07-2017 00:00:00","GU","10","02","601090903","0200","","0","0","","0","0","0","1649946","0","0","0","0","0500","2009","0","0","01",
"10","18-07-2017 00:00:00","GU","10","02","601090903","0200","","0","0","","0","0","0","0","0","0","0","0","0500","2009","0","0","01",
"10","18-07-2017 00:00:00","GU","10","02","601190111","0200","","0","0","","0","0","0","0","0","0","0","0","0500","2009","0","0","01",
"10","18-07-2017 00:00:00","GU","10","02","602010000","0200","","0","0","","0","0","0","2858216","0","0","0","2762915","0500","2009","0","0","01",
"10","18-07-2017 00:00:00","GU","10","02","602020100","0200","","0","0","","0","0","0","12286122","0","0","0","10858547","0500","2009","0","0","01",
"10","18-07-2017 00:00:00","GU","10","02","602030101","0200","","0","0","","0","0","0","46334760","0","0","0","94116602","0500","2009","0","0","01",
"10","18-07-2017 00:00:00","GU","10","02","602030102","0200","","0","0","","0","0","0","81729326","0","0","0","51336430","0500","2009","0","0","01",
"10","18-07-2017 00:00:00","GU","10","02","602030300","0200","","0","0","","0","0","0","0","0","0","0","1516468","0500","2009","0","0","01",
"10","18-07-2017 00:00:00","GU","10","02","602040000","0200","","0","0","","0","0","0","7369723","0","0","0","11432029","0500","2009","0","0","01",
"10","18-07-2017 00:00:00","GU","10","02","602140100","0200","","0","0","","0","0","0","0","0","0","0","5515797","0500","2009","0","0","01",
"10","18-07-2017 00:00:00","GU","10","02","602140300","0200","","0","0","","0","0","0","5664602","0","0","0","0","0500","2009","0","0","01",
"10","18-07-2017 00:00:00","GU","10","02","602190111","0200","","0","0","","0","0","0","114808","0","0","0","114808","0500","2009","0","0","01",
"10","18-07-2017 00:00:00","GU","10","02","602190113","0200","","0","0","","0","0","0","0","0","0","0","0","0500","2009","0","0","01",
"10","18-07-2017 00:00:00","GU","10","02","602190211","0200","","0","0","","0","0","0","0","0","0","0","0","0500","2009","0","0","01",
"10","18-07-2017 00:00:00","GU","11","02","601010100","0200","","0","0","","0","0","0","2187618","0","0","0","2187618","1700","1967","0","0","01",
"10","18-07-2017 00:00:00","GU","11","02","601020100","0200","","0","0","","0","0","0","10791141","0","0","0","10791141","1700","1967","0","0","01",
"10","18-07-2017 00:00:00","GU","11","02","601030100","0200","","0","0","","0","0","0","66117","0","0","0","66117","1700","1967","0","0","01",
"10","18-07-2017 00:00:00","GU","11","02","601030200","0200","","0","0","","0","0","0","33058","0","0","0","33058","1700","1967","0","0","01",
"10","18-07-2017 00:00:00","GU","11","02","601040200","0200","","0","0","","0","0","0","0","0","0","0","0","1700","1967","0","0","01",
"10","18-07-2017 00:00:00","GU","11","02","601050102","0200","","0","0","","0","0","0","3224802","0","0","0","3869762","1700","1967","0","0","01",
"10","18-07-2017 00:00:00","GU","11","02","601050103","0200","","0","0","","0","0","0","6718550","0","0","0","2257361","1700","1967","0","0","01",
"10","18-07-2017 00:00:00","GU","11","02","601050104","0200","","0","0","","0","0","0","10077718","0","0","0","14995540","1700","1967","0","0","01",
"10","18-07-2017 00:00:00","GU","11","02","601050200","0200","","0","0","","0","0","0","4299735","0","0","0","6449816","1700","1967","0","0","01",
"10","18-07-2017 00:00:00","GU","11","02","601060101","0200","","0","0","","0","0","0","396488","0","0","0","396488","1700","1967","0","0","01",
"10","18-07-2017 00:00:00","GU","11","02","601060102","0200","","0","0","","0","0","0","396488","0","0","0","396488","1700","1967","0","0","01",
"10","18-07-2017 00:00:00","GU","11","02","601060103","0200","","0","0","","0","0","0","359591","0","0","0","0","1700","1967","0","0","01",
"10","18-07-2017 00:00:00","GU","11","02","601060104","0200","","0","0","","0","0","0","264255","0","0","0","0","1700","1967","0","0","01",
"10","18-07-2017 00:00:00","GU","11","02","601060201","0200","","0","0","","0","0","0","0","0","0","0","370042","1700","1967","0","0","01",
"10","18-07-2017 00:00:00","GU","11","02","601070100","0200","","0","0","","0","0","0","0","0","0","0","26433348","1700","1967","0","0","01",
"10","18-07-2017 00:00:00","GU","11","02","601070200","0200","","0","0","","0","0","0","0","0","0","0","396488","1700","1967","0","0","01",
"10","18-07-2017 00:00:00","GU","11","02","601070400","0200","","0","0","","0","0","0","0","0","0","0","1762124","1700","1967","0","0","01",
"10","18-07-2017 00:00:00","GU","11","02","601070500","0200","","0","0","","0","0","0","5286371","0","0","0","3524247","1700","1967","0","0","01",
"10","18-07-2017 00:00:00","GU","11","02","601080100","0200","","0","0","","0","0","0","0","0","0","0","11013806","1700","1967","0","0","01",
"10","18-07-2017 00:00:00","GU","11","02","601080102","0200","","0","0","","0","0","0","0","0","0","0","0","1700","1967","0","0","01",
"10","18-07-2017 00:00:00","GU","11","02","601080103","0200","","0","0","","0","0","0","0","0","0","0","0","1700","1967","0","0","01",
"10","18-07-2017 00:00:00","GU","11","02","601080104","0200","","0","0","","0","0","0","0","0","0","0","0","1700","1967","0","0","01",
"10","18-07-2017 00:00:00","GU","11","02","601080105","0200","","0","0","","0","0","0","2202761","0","0","0","2202761","1700","1967","0","0","01",
"10","18-07-2017 00:00:00","GU","11","02","601080106","0200","","0","0","","0","0","0","0","0","0","0","734325","1700","1967","0","0","01",
"10","18-07-2017 00:00:00","GU","11","02","601090901","0200","","0","0","","0","0","0","0","0","0","0","0","1700","1967","0","0","01",
"10","18-07-2017 00:00:00","GU","11","02","601090903","0200","","0","0","","0","0","0","1262834","0","0","0","0","1700","1967","0","0","01",
"10","18-07-2017 00:00:00","GU","11","02","601090903","0200","","0","0","","0","0","0","0","0","0","0","0","1700","1967","0","0","01",
"10","18-07-2017 00:00:00","GU","11","02","601190111","0200","","0","0","","0","0","0","0","0","0","0","0","1700","1967","0","0","01",
"10","18-07-2017 00:00:00","GU","11","02","602010000","0200","","0","0","","0","0","0","2187618","0","0","0","2114676","1700","1967","0","0","01",
"10","18-07-2017 00:00:00","GU","11","02","602020100","0200","","0","0","","0","0","0","9403538","0","0","0","8310902","1700","1967","0","0","01",
"10","18-07-2017 00:00:00","GU","11","02","602030101","0200","","0","0","","0","0","0","35463646","0","0","0","72034857","1700","1967","0","0","01",
"10","18-07-2017 00:00:00","GU","11","02","602030102","0200","","0","0","","0","0","0","62553898","0","0","0","39291818","1700","1967","0","0","01",
"10","18-07-2017 00:00:00","GU","11","02","602030300","0200","","0","0","","0","0","0","0","0","0","0","1160673","1700","1967","0","0","01",
"10","18-07-2017 00:00:00","GU","11","02","602040000","0200","","0","0","","0","0","0","5640630","0","0","0","8749833","1700","1967","0","0","01",
"10","18-07-2017 00:00:00","GU","11","02","602140100","0200","","0","0","","0","0","0","0","0","0","0","4221675","1700","1967","0","0","01",
"10","18-07-2017 00:00:00","GU","11","02","602140300","0200","","0","0","","0","0","0","4335566","0","0","0","0","1700","1967","0","0","01",
"10","18-07-2017 00:00:00","GU","11","02","602190111","0200","","0","0","","0","0","0","87872","0","0","0","87872","1700","1967","0","0","01",
"10","18-07-2017 00:00:00","GU","11","02","602190113","0200","","0","0","","0","0","0","0","0","0","0","0","1700","1967","0","0","01",
"10","18-07-2017 00:00:00","GU","11","02","602190211","0200","","0","0","","0","0","0","0","0","0","0","0","1700","1967","0","0","01",
"10","18-07-2017 00:00:00","BB","10","02","601030100","0200","","0","0","","0","0","0","27309","0","0","0","27030","0600","2009","0","0","01",
"10","18-07-2017 00:00:00","BB","10","02","601030400","0200","","0","0","","0","0","0","0","0","0","0","1693696","0600","2009","0","0","01",
"10","18-07-2017 00:00:00","BB","10","02","601040500","0200","","0","0","","0","0","0","0","0","0","0","0","0600","2009","0","0","01",
"10","18-07-2017 00:00:00","BB","10","02","601050200","0200","","0","0","","0","0","0","1680599","0","0","0","2521038","0600","2009","0","0","01",
"10","18-07-2017 00:00:00","BB","10","02","601060101","0200","","0","0","","0","0","0","1034665","0","0","0","1034665","0600","2009","0","0","01",
"10","18-07-2017 00:00:00","BB","10","02","601060102","0200","","0","0","","0","0","0","567073","0","0","0","567073","0600","2009","0","0","01",
"10","18-07-2017 00:00:00","BB","10","02","601060103","0200","","0","0","","0","0","0","364209","0","0","0","0","0600","2009","0","0","01",
"10","18-07-2017 00:00:00","BB","10","02","601060104","0200","","0","0","","0","0","0","796132","0","0","0","0","0600","2009","0","0","01",
"10","18-07-2017 00:00:00","GU","12","02","601010100","0200","","0","0","","0","0","0","2099419","0","0","0","2099419","2813","2012","0","0","01",
"10","18-07-2017 00:00:00","GU","12","02","601020100","0200","","0","0","","0","0","0","10356070","0","0","0","10356070","2813","2012","0","0","01",
"10","18-07-2017 00:00:00","GU","12","02","601030100","0200","","0","0","","0","0","0","63451","0","0","0","63451","2813","2012","0","0","01",
"10","18-07-2017 00:00:00","GU","12","02","601030200","0200","","0","0","","0","0","0","31726","0","0","0","31726","2813","2012","0","0","01",
"10","18-07-2017 00:00:00","GU","12","02","601040200","0200","","0","0","","0","0","0","0","0","0","0","0","2813","2012","0","0","01",
"10","18-07-2017 00:00:00","GU","12","02","601050102","0200","","0","0","","0","0","0","3094786","0","0","0","3713743","2813","2012","0","0","01",
"10","18-07-2017 00:00:00","GU","12","02","601050103","0200","","0","0","","0","0","0","6447675","0","0","0","2166350","2813","2012","0","0","01",
"10","18-07-2017 00:00:00","GU","12","02","601050104","0200","","0","0","","0","0","0","9671410","0","0","0","14390958","2813","2012","0","0","01",
"10","18-07-2017 00:00:00","GU","12","02","601050200","0200","","0","0","","0","0","0","4126381","0","0","0","6189776","2813","2012","0","0","01",
"10","18-07-2017 00:00:00","GU","12","02","601060101","0200","","0","0","","0","0","0","380503","0","0","0","380503","2813","2012","0","0","01",
"10","18-07-2017 00:00:00","GU","12","02","601060102","0200","","0","0","","0","0","0","380503","0","0","0","380503","2813","2012","0","0","01",
"10","18-07-2017 00:00:00","GU","12","02","601060103","0200","","0","0","","0","0","0","345093","0","0","0","0","2813","2012","0","0","01",
"10","18-07-2017 00:00:00","GU","12","02","601060104","0200","","0","0","","0","0","0","253600","0","0","0","0","2813","2012","0","0","01",
"10","18-07-2017 00:00:00","GU","12","02","601060201","0200","","0","0","","0","0","0","0","0","0","0","355123","2813","2012","0","0","01",
"10","18-07-2017 00:00:00","GU","12","02","601070100","0200","","0","0","","0","0","0","0","0","0","0","25367623","2813","2012","0","0","01",
"10","18-07-2017 00:00:00","GU","12","02","601070200","0200","","0","0","","0","0","0","0","0","0","0","380503","2813","2012","0","0","01",
"10","18-07-2017 00:00:00","GU","12","02","601070400","0200","","0","0","","0","0","0","0","0","0","0","1691079","2813","2012","0","0","01",
"10","18-07-2017 00:00:00","GU","12","02","601070500","0200","","0","0","","0","0","0","5073238","0","0","0","3382159","2813","2012","0","0","01",
"10","18-07-2017 00:00:00","GU","12","02","601080100","0200","","0","0","","0","0","0","0","0","0","0","10569758","2813","2012","0","0","01",
"10","18-07-2017 00:00:00","GU","12","02","601080102","0200","","0","0","","0","0","0","0","0","0","0","0","2813","2012","0","0","01",
"10","18-07-2017 00:00:00","GU","12","02","601080103","0200","","0","0","","0","0","0","0","0","0","0","0","2813","2012","0","0","01",
"10","18-07-2017 00:00:00","GU","12","02","601080104","0200","","0","0","","0","0","0","0","0","0","0","0","2813","2012","0","0","01",
"10","18-07-2017 00:00:00","GU","12","02","601080105","0200","","0","0","","0","0","0","2113952","0","0","0","2113952","2813","2012","0","0","01",
"10","18-07-2017 00:00:00","GU","12","02","601080106","0200","","0","0","","0","0","0","0","0","0","0","704719","2813","2012","0","0","01",
"10","18-07-2017 00:00:00","GU","12","02","601090901","0200","","0","0","","0","0","0","0","0","0","0","0","2813","2012","0","0","01",
"10","18-07-2017 00:00:00","GU","12","02","601090903","0200","","0","0","","0","0","0","1211920","0","0","0","0","2813","2012","0","0","01",
"10","18-07-2017 00:00:00","GU","12","02","601090903","0200","","0","0","","0","0","0","0","0","0","0","0","2813","2012","0","0","01",
"10","18-07-2017 00:00:00","GU","12","02","601190111","0200","","0","0","","0","0","0","0","0","0","0","0","2813","2012","0","0","01",
"10","18-07-2017 00:00:00","GU","12","02","602010000","0200","","0","0","","0","0","0","2099419","0","0","0","2029418","2813","2012","0","0","01",
"10","18-07-2017 00:00:00","GU","12","02","602020100","0200","","0","0","","0","0","0","9024412","0","0","0","7975828","2813","2012","0","0","01",
"10","18-07-2017 00:00:00","GU","12","02","602030101","0200","","0","0","","0","0","0","34033842","0","0","0","69130595","2813","2012","0","0","01",
"10","18-07-2017 00:00:00","GU","12","02","602030102","0200","","0","0","","0","0","0","60031884","0","0","0","37707672","2813","2012","0","0","01",
"10","18-07-2017 00:00:00","GU","12","02","602030300","0200","","0","0","","0","0","0","0","0","0","0","1113877","2813","2012","0","0","01",
"10","18-07-2017 00:00:00","GU","12","02","602040000","0200","","0","0","","0","0","0","5413214","0","0","0","8397062","2813","2012","0","0","01",
"10","18-07-2017 00:00:00","GU","12","02","602140100","0200","","0","0","","0","0","0","0","0","0","0","4051467","2813","2012","0","0","01",
"10","18-07-2017 00:00:00","GU","12","02","602140300","0200","","0","0","","0","0","0","4160767","0","0","0","0","2813","2012","0","0","01",
"10","18-07-2017 00:00:00","GU","12","02","602190111","0200","","0","0","","0","0","0","84329","0","0","0","84329","2813","2012","0","0","01",
"10","18-07-2017 00:00:00","GU","12","02","602190113","0200","","0","0","","0","0","0","0","0","0","0","0","2813","2012","0","0","01",
"10","18-07-2017 00:00:00","GU","12","02","602190211","0200","","0","0","","0","0","0","0","0","0","0","0","2813","2012","0","0","01",
"10","18-07-2017 00:00:00","BB","10","02","601060201","0200","","0","0","","0","0","0","0","0","0","0","1544613","0600","2009","0","0","01",
"10","18-07-2017 00:00:00","BB","10","02","601070100","0200","","0","0","","0","0","0","0","0","0","0","128276982","0600","2009","0","0","01",
"10","18-07-2017 00:00:00","BB","10","02","601070200","0200","","0","0","","0","0","0","460346","0","0","0","2342138","0600","2009","0","0","01",
"10","18-07-2017 00:00:00","BB","10","02","601070400","0200","","0","0","","0","0","0","2081869","0","0","0","5103659","0600","2009","0","0","01",
"10","18-07-2017 00:00:00","BB","10","02","601070500","0200","","0","0","","0","0","0","14587576","0","0","0","9483917","0600","2009","0","0","01",
"10","18-07-2017 00:00:00","BB","10","02","601080100","0200","","0","0","","0","0","0","0","0","0","0","0","0600","2009","0","0","01",
"10","18-07-2017 00:00:00","BB","10","02","602130000","0200","","0","0","","0","0","0","51056655","0","0","0","36214662","0600","2009","0","0","01",
"10","18-07-2017 00:00:00","GU","13","02","601010100","0200","","0","0","","0","0","0","3111746","0","0","0","3111746","2900","1974","0","0","01",
"10","18-07-2017 00:00:00","GU","13","02","601020100","0200","","0","0","","0","0","0","15349704","0","0","0","15349704","2900","1974","0","0","01",
"10","18-07-2017 00:00:00","GU","13","02","601030100","0200","","0","0","","0","0","0","94047","0","0","0","94047","2900","1974","0","0","01",
"10","18-07-2017 00:00:00","GU","13","02","601030200","0200","","0","0","","0","0","0","47024","0","0","0","47024","2900","1974","0","0","01",
"10","18-07-2017 00:00:00","GU","13","02","601040200","0200","","0","0","","0","0","0","0","0","0","0","0","2900","1974","0","0","01",
"10","18-07-2017 00:00:00","GU","13","02","601050102","0200","","0","0","","0","0","0","4587073","0","0","0","5504487","2900","1974","0","0","01",
"10","18-07-2017 00:00:00","GU","13","02","601050103","0200","","0","0","","0","0","0","9556705","0","0","0","3210951","2900","1974","0","0","01",
"10","18-07-2017 00:00:00","GU","13","02","601050104","0200","","0","0","","0","0","0","14334905","0","0","0","21330191","2900","1974","0","0","01",
"10","18-07-2017 00:00:00","GU","13","02","601050200","0200","","0","0","","0","0","0","6116097","0","0","0","9174448","2900","1974","0","0","01",
"10","18-07-2017 00:00:00","GU","13","02","601060101","0200","","0","0","","0","0","0","563979","0","0","0","563979","2900","1974","0","0","01",
"10","18-07-2017 00:00:00","GU","13","02","601060102","0200","","0","0","","0","0","0","563979","0","0","0","563979","2900","1974","0","0","01",
"10","18-07-2017 00:00:00","GU","13","02","601060103","0200","","0","0","","0","0","0","511495","0","0","0","0","2900","1974","0","0","01",
"10","18-07-2017 00:00:00","GU","13","02","601060104","0200","","0","0","","0","0","0","375885","0","0","0","0","2900","1974","0","0","01",
"10","18-07-2017 00:00:00","GU","13","02","601060201","0200","","0","0","","0","0","0","0","0","0","0","526361","2900","1974","0","0","01",
"10","18-07-2017 00:00:00","GU","13","02","601070100","0200","","0","0","","0","0","0","0","0","0","0","37599736","2900","1974","0","0","01",
"10","18-07-2017 00:00:00","GU","13","02","601070200","0200","","0","0","","0","0","0","0","0","0","0","563979","2900","1974","0","0","01",
"10","18-07-2017 00:00:00","GU","13","02","601070400","0200","","0","0","","0","0","0","0","0","0","0","2506507","2900","1974","0","0","01",
"10","18-07-2017 00:00:00","GU","13","02","601070500","0200","","0","0","","0","0","0","7519522","0","0","0","5013015","2900","1974","0","0","01",
"10","18-07-2017 00:00:00","GU","13","02","601080100","0200","","0","0","","0","0","0","0","0","0","0","15666430","2900","1974","0","0","01",
"10","18-07-2017 00:00:00","GU","13","02","601080102","0200","","0","0","","0","0","0","0","0","0","0","0","2900","1974","0","0","01",
"10","18-07-2017 00:00:00","GU","13","02","601080103","0200","","0","0","","0","0","0","0","0","0","0","0","2900","1974","0","0","01",
"10","18-07-2017 00:00:00","GU","13","02","601080104","0200","","0","0","","0","0","0","0","0","0","0","0","2900","1974","0","0","01",
"10","18-07-2017 00:00:00","GU","13","02","601080105","0200","","0","0","","0","0","0","3133286","0","0","0","3133286","2900","1974","0","0","01",
"10","18-07-2017 00:00:00","GU","13","02","601080106","0200","","0","0","","0","0","0","0","0","0","0","1044530","2900","1974","0","0","01",
"10","18-07-2017 00:00:00","GU","13","02","601090901","0200","","0","0","","0","0","0","0","0","0","0","0","2900","1974","0","0","01",
"10","18-07-2017 00:00:00","GU","13","02","601090903","0200","","0","0","","0","0","0","1796300","0","0","0","0","2900","1974","0","0","01",
"10","18-07-2017 00:00:00","GU","13","02","601090903","0200","","0","0","","0","0","0","0","0","0","0","0","2900","1974","0","0","01",
"10","18-07-2017 00:00:00","GU","13","02","601190111","0200","","0","0","","0","0","0","0","0","0","0","0","2900","1974","0","0","01",
"10","18-07-2017 00:00:00","GU","13","02","602010000","0200","","0","0","","0","0","0","3111746","0","0","0","3007991","2900","1974","0","0","01",
"10","18-07-2017 00:00:00","GU","13","02","602020100","0200","","0","0","","0","0","0","13375928","0","0","0","11821723","2900","1974","0","0","01",
"10","18-07-2017 00:00:00","GU","13","02","602030101","0200","","0","0","","0","0","0","50444753","0","0","0","102464946","2900","1974","0","0","01",
"10","18-07-2017 00:00:00","GU","13","02","602030102","0200","","0","0","","0","0","0","88978893","0","0","0","55890081","2900","1974","0","0","01",
"10","18-07-2017 00:00:00","GU","13","02","602030300","0200","","0","0","","0","0","0","0","0","0","0","1650982","2900","1974","0","0","01",
"10","18-07-2017 00:00:00","GU","13","02","602040000","0200","","0","0","","0","0","0","8023433","0","0","0","12446075","2900","1974","0","0","01",
"10","18-07-2017 00:00:00","GU","13","02","602140100","0200","","0","0","","0","0","0","0","0","0","0","6005060","2900","1974","0","0","01",
"10","18-07-2017 00:00:00","GU","13","02","602140300","0200","","0","0","","0","0","0","6167065","0","0","0","0","2900","1974","0","0","01",
"10","18-07-2017 00:00:00","GU","13","02","602190111","0200","","0","0","","0","0","0","124992","0","0","0","124992","2900","1974","0","0","01",
"10","18-07-2017 00:00:00","GU","13","02","602190113","0200","","0","0","","0","0","0","0","0","0","0","0","2900","1974","0","0","01",
"10","18-07-2017 00:00:00","GU","13","02","602190211","0200","","0","0","","0","0","0","0","0","0","0","0","2900","1974","0","0","01",
"10","18-07-2017 00:00:00","BB","12","02","601030100","0200","","0","0","","0","0","0","20059","0","0","0","19854","2701","2004","0","0","01",
"10","18-07-2017 00:00:00","BB","12","02","601030400","0200","","0","0","","0","0","0","0","0","0","0","1244055","2701","2004","0","0","01",
"10","18-07-2017 00:00:00","BB","12","02","601040500","0200","","0","0","","0","0","0","0","0","0","0","0","2701","2004","0","0","01",
"10","18-07-2017 00:00:00","BB","12","02","601050200","0200","","0","0","","0","0","0","1234435","0","0","0","1851754","2701","2004","0","0","01",
"10","18-07-2017 00:00:00","BB","12","02","601060101","0200","","0","0","","0","0","0","759983","0","0","0","759983","2701","2004","0","0","01",
"10","18-07-2017 00:00:00","BB","12","02","601060102","0200","","0","0","","0","0","0","416527","0","0","0","416527","2701","2004","0","0","01",
"10","18-07-2017 00:00:00","BB","12","02","601060103","0200","","0","0","","0","0","0","267519","0","0","0","0","2701","2004","0","0","01",
"10","18-07-2017 00:00:00","BB","12","02","601060104","0200","","0","0","","0","0","0","584775","0","0","0","0","2701","2004","0","0","01",
"10","18-07-2017 00:00:00","BB","12","02","601060201","0200","","0","0","","0","0","0","0","0","0","0","1134550","2701","2004","0","0","01",
"10","18-07-2017 00:00:00","BB","12","02","601070100","0200","","0","0","","0","0","0","0","0","0","0","94222102","2701","2004","0","0","01",
"10","18-07-2017 00:00:00","BB","12","02","601070200","0200","","0","0","","0","0","0","338134","0","0","0","1720349","2701","2004","0","0","01",
"10","18-07-2017 00:00:00","BB","12","02","601070400","0200","","0","0","","0","0","0","1529176","0","0","0","3748743","2701","2004","0","0","01",
"10","18-07-2017 00:00:00","BB","12","02","601070500","0200","","0","0","","0","0","0","10714877","0","0","0","6966133","2701","2004","0","0","01",
"10","18-07-2017 00:00:00","BB","12","02","601080100","0200","","0","0","","0","0","0","0","0","0","0","0","2701","2004","0","0","01",
"10","18-07-2017 00:00:00","BB","12","02","602130000","0200","","0","0","","0","0","0","37502171","0","0","0","26600420","2701","2004","0","0","01",
"10","18-07-2017 00:00:00","BB","13","02","601060102","0200","","0","0","","0","0","0","617374","0","0","0","617374","0200","1981","0","0","01",
"10","18-07-2017 00:00:00","BB","13","02","601060103","0200","","0","0","","0","0","0","396515","0","0","0","0","0200","1981","0","0","01",
"10","18-07-2017 00:00:00","BB","13","02","601060104","0200","","0","0","","0","0","0","866750","0","0","0","0","0200","1981","0","0","01",
"10","18-07-2017 00:00:00","BB","13","02","601060201","0200","","0","0","","0","0","0","0","0","0","0","1681623","0200","1981","0","0","01",
"10","18-07-2017 00:00:00","BB","13","02","601070100","0200","","0","0","","0","0","0","0","0","0","0","139655426","0200","1981","0","0","01",
"10","18-07-2017 00:00:00","BB","13","02","601070200","0200","","0","0","","0","0","0","503179","0","0","0","2549891","0200","1981","0","0","01",
"10","18-07-2017 00:00:00","BB","13","02","601070400","0200","","0","0","","0","0","0","2266536","0","0","0","5556365","0200","1981","0","0","01",
"10","18-07-2017 00:00:00","BB","13","02","601070500","0200","","0","0","","0","0","0","15881525","0","0","0","10325161","0200","1981","0","0","01",
"10","18-07-2017 00:00:00","BB","13","02","601080100","0200","","0","0","","0","0","0","0","0","0","0","0","0200","1981","0","0","01",
"10","18-07-2017 00:00:00","BB","13","02","602130000","0200","","0","0","","0","0","0","55584491","0","0","0","39426981","0200","1981","0","0","01",
"10","18-07-2017 00:00:00","LL","10","02","602190114","0200","","0","0","","0","0","0","0","0","0","0","1262051","0600","2009","0","0","01",
"10","18-07-2017 00:00:00","LL","10","02","602190115","0200","","0","0","","0","0","0","1262051","0","0","0","0","0600","2009","0","0","01",
"10","18-07-2017 00:00:00","LL","10","02","602190201","0200","","0","0","","0","0","0","5336062","0","0","0","5336062","0600","2009","0","0","01",
"10","18-07-2017 00:00:00","LL","10","02","602190202","0200","","0","0","","0","0","0","2047037","0","0","0","2047037","0600","2009","0","0","01",
"10","18-07-2017 00:00:00","LL","10","02","602190204","0200","","0","0","","0","0","0","11867018","0","0","0","11867018","0600","2009","0","0","01",
"10","18-07-2017 00:00:00","LL","10","02","602190205","0200","","0","0","","0","0","0","977818","0","0","0","977818","0600","2009","0","0","01",
"10","18-07-2017 00:00:00","LL","10","02","602190211","0200","","0","0","","0","0","0","0","0","0","0","0","0600","2009","0","0","01",
"10","18-07-2017 00:00:00","LL","10","02","602190215","0200","","0","0","","0","0","0","10672123","0","0","0","10672123","0600","2009","0","0","01",
"10","18-07-2017 00:00:00","LL","11","02","601071900","0200","","0","0","","0","0","0","0","0","0","0","12489707","1000","1975","0","0","01",
"10","18-07-2017 00:00:00","LL","11","02","601190101","0200","","0","0","","0","0","0","540879","0","0","0","540879","1000","1975","0","0","01",
"10","18-07-2017 00:00:00","LL","11","02","601190102","0200","","0","0","","0","0","0","0","0","0","0","0","1000","1975","0","0","01",
"10","18-07-2017 00:00:00","LL","11","02","601190104","0200","","0","0","","0","0","0","889806","0","0","0","889806","1000","1975","0","0","01",
"10","18-07-2017 00:00:00","LL","11","02","601190105","0200","","0","0","","0","0","0","98749","0","0","0","98749","1000","1975","0","0","01",
"10","18-07-2017 00:00:00","LL","11","02","601190113","0200","","0","0","","0","0","0","87872","0","0","0","87872","1000","1975","0","0","01",
"10","18-07-2017 00:00:00","LL","11","02","601190114","0200","","0","0","","0","0","0","0","0","0","0","0","1000","1975","0","0","01",
"10","18-07-2017 00:00:00","LL","11","02","601190115","0200","","0","0","","0","0","0","1081546","0","0","0","1081546","1000","1975","0","0","01",
"10","18-07-2017 00:00:00","LL","11","02","601190201","0200","","0","0","","0","0","0","0","0","0","0","0","1000","1975","0","0","01",
"10","18-07-2017 00:00:00","LL","11","02","601190204","0200","","0","0","","0","0","0","0","0","0","0","0","1000","1975","0","0","01",
"10","18-07-2017 00:00:00","LL","11","02","601190205","0200","","0","0","","0","0","0","0","0","0","0","0","1000","1975","0","0","01",
"10","18-07-2017 00:00:00","LL","11","02","601190211","0200","","0","0","","0","0","0","0","0","0","0","0","1000","1975","0","0","01",
"10","18-07-2017 00:00:00","LL","11","02","601190215","0200","","0","0","","0","0","0","0","0","0","0","0","1000","1975","0","0","01",
"10","18-07-2017 00:00:00","LL","11","02","602140200","0200","","0","0","","0","0","0","20530170","0","0","0","20667096","1000","1975","0","0","01",
"10","18-07-2017 00:00:00","LL","11","02","602190101","0200","","0","0","","0","0","0","482867","0","0","0","482867","1000","1975","0","0","01",
"10","18-07-2017 00:00:00","LL","11","02","602190102","0200","","0","0","","0","0","0","130954","0","0","0","130954","1000","1975","0","0","01",
"10","18-07-2017 00:00:00","LL","11","02","602190104","0200","","0","0","","0","0","0","793190","0","0","0","793190","1000","1975","0","0","01",
"10","18-07-2017 00:00:00","LL","11","02","602190105","0200","","0","0","","0","0","0","88298","0","0","0","88298","1000","1975","0","0","01",
"10","18-07-2017 00:00:00","LL","11","02","602190111","0200","","0","0","","0","0","0","0","0","0","0","0","1000","1975","0","0","01",
"10","18-07-2017 00:00:00","LL","11","02","602190114","0200","","0","0","","0","0","0","0","0","0","0","965947","1000","1975","0","0","01",
"10","18-07-2017 00:00:00","LL","11","02","602190115","0200","","0","0","","0","0","0","965947","0","0","0","0","1000","1975","0","0","01",
"10","18-07-2017 00:00:00","LL","11","02","602190201","0200","","0","0","","0","0","0","4084109","0","0","0","4084109","1000","1975","0","0","01",
"10","18-07-2017 00:00:00","LL","11","02","602190202","0200","","0","0","","0","0","0","1566759","0","0","0","1566759","1000","1975","0","0","01",
"10","18-07-2017 00:00:00","LL","11","02","602190204","0200","","0","0","","0","0","0","9082764","0","0","0","9082764","1000","1975","0","0","01",
"10","18-07-2017 00:00:00","LL","11","02","602190205","0200","","0","0","","0","0","0","748401","0","0","0","748401","1000","1975","0","0","01",
"10","18-07-2017 00:00:00","LL","11","02","602190211","0200","","0","0","","0","0","0","0","0","0","0","0","1000","1975","0","0","01",
"10","18-07-2017 00:00:00","LL","11","02","602190215","0200","","0","0","","0","0","0","8168217","0","0","0","8168217","1000","1975","0","0","01",
"10","18-07-2017 00:00:00","LL","12","02","601071900","0200","","0","0","","0","0","0","0","0","0","0","11986154","0200","2001","0","0","01",
"10","18-07-2017 00:00:00","LL","12","02","601190101","0200","","0","0","","0","0","0","519073","0","0","0","519073","0200","2001","0","0","01",
"10","18-07-2017 00:00:00","LL","12","02","601190102","0200","","0","0","","0","0","0","0","0","0","0","0","0200","2001","0","0","01",
"10","18-07-2017 00:00:00","LL","12","02","601190104","0200","","0","0","","0","0","0","853932","0","0","0","853932","0200","2001","0","0","01",
"10","18-07-2017 00:00:00","LL","12","02","601190105","0200","","0","0","","0","0","0","94768","0","0","0","94768","0200","2001","0","0","01",
"10","18-07-2017 00:00:00","LL","12","02","601190113","0200","","0","0","","0","0","0","84329","0","0","0","84329","0200","2001","0","0","01",
"10","18-07-2017 00:00:00","LL","12","02","601190114","0200","","0","0","","0","0","0","0","0","0","0","0","0200","2001","0","0","01",
"10","18-07-2017 00:00:00","LL","12","02","601190115","0200","","0","0","","0","0","0","1037940","0","0","0","1037940","0200","2001","0","0","01",
"10","18-07-2017 00:00:00","LL","12","02","601190201","0200","","0","0","","0","0","0","0","0","0","0","0","0200","2001","0","0","01",
"10","18-07-2017 00:00:00","LL","12","02","601190204","0200","","0","0","","0","0","0","0","0","0","0","0","0200","2001","0","0","01",
"10","18-07-2017 00:00:00","LL","12","02","601190205","0200","","0","0","","0","0","0","0","0","0","0","0","0200","2001","0","0","01",
"10","18-07-2017 00:00:00","LL","12","02","601190211","0200","","0","0","","0","0","0","0","0","0","0","0","0200","2001","0","0","01",
"10","18-07-2017 00:00:00","LL","12","02","601190215","0200","","0","0","","0","0","0","0","0","0","0","0","0200","2001","0","0","01",
"10","18-07-2017 00:00:00","LL","12","02","602140200","0200","","0","0","","0","0","0","19702446","0","0","0","19833851","0200","2001","0","0","01",
"10","18-07-2017 00:00:00","LL","12","02","602190101","0200","","0","0","","0","0","0","463399","0","0","0","463399","0200","2001","0","0","01",
"10","18-07-2017 00:00:00","LL","12","02","602190102","0200","","0","0","","0","0","0","125674","0","0","0","125674","0200","2001","0","0","01",
"10","18-07-2017 00:00:00","LL","12","02","602190104","0200","","0","0","","0","0","0","761211","0","0","0","761211","0200","2001","0","0","01",
"10","18-07-2017 00:00:00","LL","12","02","602190105","0200","","0","0","","0","0","0","84738","0","0","0","84738","0200","2001","0","0","01",
"10","18-07-2017 00:00:00","LL","12","02","602190111","0200","","0","0","","0","0","0","0","0","0","0","0","0200","2001","0","0","01",
"10","18-07-2017 00:00:00","LL","12","02","602190114","0200","","0","0","","0","0","0","0","0","0","0","927003","0200","2001","0","0","01",
"10","18-07-2017 00:00:00","LL","12","02","602190115","0200","","0","0","","0","0","0","927003","0","0","0","0","0200","2001","0","0","01",
"10","18-07-2017 00:00:00","LL","12","02","602190201","0200","","0","0","","0","0","0","3919448","0","0","0","3919448","0200","2001","0","0","01",
"10","18-07-2017 00:00:00","LL","12","02","602190202","0200","","0","0","","0","0","0","1503591","0","0","0","1503591","0200","2001","0","0","01",
"10","18-07-2017 00:00:00","LL","12","02","602190204","0200","","0","0","","0","0","0","8716570","0","0","0","8716570","0200","2001","0","0","01",
"10","18-07-2017 00:00:00","LL","12","02","602190205","0200","","0","0","","0","0","0","718228","0","0","0","718228","0200","2001","0","0","01",
"10","18-07-2017 00:00:00","LL","12","02","602190211","0200","","0","0","","0","0","0","0","0","0","0","0","0200","2001","0","0","01",
"10","18-07-2017 00:00:00","LL","12","02","602190215","0200","","0","0","","0","0","0","7838896","0","0","0","7838896","0200","2001","0","0","01",
"10","18-07-2017 00:00:00","LL","13","02","601071900","0200","","0","0","","0","0","0","0","0","0","0","17765805","0500","1977","0","0","01",
"10","18-07-2017 00:00:00","LL","13","02","601190101","0200","","0","0","","0","0","0","769366","0","0","0","769366","0500","1977","0","0","01",
"10","18-07-2017 00:00:00","LL","13","02","601190102","0200","","0","0","","0","0","0","0","0","0","0","0","0500","1977","0","0","01",
"10","18-07-2017 00:00:00","LL","13","02","601190104","0200","","0","0","","0","0","0","1265692","0","0","0","1265692","0500","1977","0","0","01",
"10","18-07-2017 00:00:00","LL","13","02","601190105","0200","","0","0","","0","0","0","140464","0","0","0","140464","0500","1977","0","0","01",
"10","18-07-2017 00:00:00","LL","13","02","601190113","0200","","0","0","","0","0","0","124992","0","0","0","124992","0500","1977","0","0","01",
"10","18-07-2017 00:00:00","LL","13","02","601190114","0200","","0","0","","0","0","0","0","0","0","0","0","0500","1977","0","0","01",
"10","18-07-2017 00:00:00","LL","13","02","601190115","0200","","0","0","","0","0","0","1538429","0","0","0","1538429","0500","1977","0","0","01",
"10","18-07-2017 00:00:00","LL","13","02","601190201","0200","","0","0","","0","0","0","0","0","0","0","0","0500","1977","0","0","01",
"10","18-07-2017 00:00:00","LL","13","02","601190204","0200","","0","0","","0","0","0","0","0","0","0","0","0500","1977","0","0","01",
"10","18-07-2017 00:00:00","LL","13","02","601190205","0200","","0","0","","0","0","0","0","0","0","0","0","0500","1977","0","0","01",
"10","18-07-2017 00:00:00","LL","13","02","601190211","0200","","0","0","","0","0","0","0","0","0","0","0","0500","1977","0","0","01",
"10","18-07-2017 00:00:00","LL","13","02","601190215","0200","","0","0","","0","0","0","0","0","0","0","0","0500","1977","0","0","01",
"10","18-07-2017 00:00:00","LL","13","02","602140200","0200","","0","0","","0","0","0","29202845","0","0","0","29397614","0500","1977","0","0","01",
"10","18-07-2017 00:00:00","LL","13","02","602190101","0200","","0","0","","0","0","0","686847","0","0","0","686847","0500","1977","0","0","01",
"10","18-07-2017 00:00:00","LL","13","02","602190102","0200","","0","0","","0","0","0","186274","0","0","0","186274","0500","1977","0","0","01",
"10","18-07-2017 00:00:00","LL","13","02","602190104","0200","","0","0","","0","0","0","1128262","0","0","0","1128262","0500","1977","0","0","01",
"10","18-07-2017 00:00:00","LL","13","02","602190105","0200","","0","0","","0","0","0","125598","0","0","0","125598","0500","1977","0","0","01",
"10","18-07-2017 00:00:00","LL","13","02","602190111","0200","","0","0","","0","0","0","0","0","0","0","0","0500","1977","0","0","01",
"10","18-07-2017 00:00:00","LL","13","02","602190114","0200","","0","0","","0","0","0","0","0","0","0","1373998","0500","1977","0","0","01",
"10","18-07-2017 00:00:00","LL","13","02","602190115","0200","","0","0","","0","0","0","1373998","0","0","0","0","0500","1977","0","0","01",
"10","18-07-2017 00:00:00","LL","13","02","602190201","0200","","0","0","","0","0","0","5809382","0","0","0","5809382","0500","1977","0","0","01",
"10","18-07-2017 00:00:00","LL","13","02","602190202","0200","","0","0","","0","0","0","2228613","0","0","0","2228613","0500","1977","0","0","01",
"10","18-07-2017 00:00:00","LL","13","02","602190204","0200","","0","0","","0","0","0","12919648","0","0","0","12919648","0500","1977","0","0","01",
"10","18-07-2017 00:00:00","LL","13","02","602190205","0200","","0","0","","0","0","0","1064553","0","0","0","1064553","0500","1977","0","0","01",
"10","18-07-2017 00:00:00","LL","13","02","602190211","0200","","0","0","","0","0","0","0","0","0","0","0","0500","1977","0","0","01",
"10","18-07-2017 00:00:00","LL","13","02","602190215","0200","","0","0","","0","0","0","11618764","0","0","0","11618764","0500","1977","0","0","01",
"10","18-07-2017 00:00:00","BB","13","02","601030100","0200","","0","0","","0","0","0","29731","0","0","0","29428","0200","1981","0","0","01",
"10","18-07-2017 00:00:00","BB","13","02","601030400","0200","","0","0","","0","0","0","0","0","0","0","1843930","0200","1981","0","0","01",
"10","18-07-2017 00:00:00","BB","13","02","601040500","0200","","0","0","","0","0","0","0","0","0","0","0","0200","1981","0","0","01",
"10","18-07-2017 00:00:00","BB","13","02","601050200","0200","","0","0","","0","0","0","1829672","0","0","0","2744659","0200","1981","0","0","01",
"10","18-07-2017 00:00:00","BB","13","02","601060101","0200","","0","0","","0","0","0","1126442","0","0","0","1126442","0200","1981","0","0","01",
