"NPP","NoUrut","TKPendidikan","Pendidikan","Nama","Kota","StatAkreditasi","DNLN","TahunAwal","TahunAkhir","StatLulus","NoIjasah","TglIjasah","Nilai","Grade","UserId","TglInput",
"01109570031909","001","","7000","INSTITUT PERTANIAN BOGOR","BOGOR","Disamakan","D","1988","1994","Y","","01-01-1900 00:00:00","0","","","01-01-1900 00:00:00",
"01079969034934","01","1","1A00","SEKOLAH DASAR","SUKABUMI","2","D","1978","1984","L","","01-01-1900 00:00:00","0","","MIGRASI","11-05-2015 15:41:59",
"01079970034932","01","1","1A00","SEKOLAH DASAR","SUKABUMI","2","D","1981","1987","L","","01-01-1900 00:00:00","0","","MIGRASI","11-05-2015 15:41:59",
"01079970034944","01","1","1A00","SEKOLAH DASAR","SUKABUMI","2","D","1980","1987","L","","01-01-1900 00:00:00","0","","MIGRASI","11-05-2015 15:41:59",
"01079971034918","01","1","1A00","SEKOLAH DASAR","SUKABUMI","2","D","1980","1986","L","","01-01-1900 00:00:00","0","","MIGRASI","11-05-2015 15:41:59",
"01079971034918","02","2","2000","SLTP","SUKABUMI","2","D","1986","1989","L","","01-01-1900 00:00:00","0","","MIGRASI","11-05-2015 15:41:59",
"01079972034926","01","1","1A00","SEKOLAH DASAR","SUKABUMI","2","D","1983","1989","L","","01-01-1900 00:00:00","0","","MIGRASI","11-05-2015 15:42:00",
"01079974034946","01","1","1A00","SEKOLAH DASAR","SUKABUMI","2","D","1983","1989","L","","01-01-1900 00:00:00","0","","MIGRASI","11-05-2015 15:42:00",
"01080263038283","01","1","1A00","SEKOLAH DASAR","","0","D","","","L","","01-01-1900 00:00:00","0","","MIGRASI","11-05-2015 15:42:00",
"01080264038282","01","1","1A00","SEKOLAH DASAR","","0","D","","","L","","01-01-1900 00:00:00","0","","MIGRASI","11-05-2015 15:42:00",
"01080264038284","01","1","1A00","SEKOLAH DASAR","","0","D","","","L","","01-01-1900 00:00:00","0","","MIGRASI","11-05-2015 15:42:00",
"01080265038291","01","1","1A00","SEKOLAH DASAR","","0","D","","","L","","01-01-1900 00:00:00","0","","MIGRASI","11-05-2015 15:42:00",
"01080267038281","01","1","1A00","SEKOLAH DASAR","","0","D","","","L","","01-01-1900 00:00:00","0","","MIGRASI","11-05-2015 15:42:00",
"01080267038286","01","1","1A00","SEKOLAH DASAR","","0","D","","","L","","01-01-1900 00:00:00","0","","MIGRASI","11-05-2015 15:42:00",
"01080267038288","01","1","1A00","SEKOLAH DASAR","","0","D","","","L","","01-01-1900 00:00:00","0","","MIGRASI","11-05-2015 15:42:00",
"01080267038290","01","1","1A00","SEKOLAH DASAR","","0","D","","","L","","01-01-1900 00:00:00","0","","MIGRASI","11-05-2015 15:42:00",
"01080268038280","01","1","1A00","SEKOLAH DASAR","","0","D","","","L","","01-01-1900 00:00:00","0","","MIGRASI","11-05-2015 15:42:00",
"01080269038294","01","1","1A00","SEKOLAH DASAR","","0","D","","","L","","01-01-1900 00:00:00","0","","MIGRASI","11-05-2015 15:42:00",
"01080270038293","01","1","1A00","SEKOLAH DASAR","","0","D","","","L","","01-01-1900 00:00:00","0","","MIGRASI","11-05-2015 15:42:00",
"01080272038285","01","1","1A00","SEKOLAH DASAR","","0","D","","","L","","01-01-1900 00:00:00","0","","MIGRASI","11-05-2015 15:42:00",
"01080274038292","01","1","1A00","SEKOLAH DASAR","","0","D","","","L","","01-01-1900 00:00:00","0","","MIGRASI","11-05-2015 15:42:00",
"01080278038289","01","1","1A00","SEKOLAH DASAR","","0","D","","","L","","01-01-1900 00:00:00","0","","MIGRASI","11-05-2015 15:42:00",
"01087759015276","01","1","1A00","SD","","0","D","","","","","01-01-1900 00:00:00","0","","MIGRASI","11-05-2015 15:42:00",
"01089563031707","01","1","1A00","SD","","0","D","","","","","01-01-1900 00:00:00","0","","MIGRASI","11-05-2015 15:42:00",
"01089566031708","01","1","1A00","SD","","0","D","","","","","01-01-1900 00:00:00","0","","MIGRASI","11-05-2015 15:42:00",
"01089567031709","01","1","1A00","SD","","0","D","","","","","01-01-1900 00:00:00","0","","MIGRASI","11-05-2015 15:42:00",
"01089569031710","01","1","1A00","SD","","0","D","","","","","01-01-1900 00:00:00","0","","MIGRASI","11-05-2015 15:42:00",
"01089569031711","01","1","1A00","SD","","0","D","","","","","01-01-1900 00:00:00","0","","MIGRASI","11-05-2015 15:42:00",
"01089569031712","01","1","1A00","SD","","0","D","","","","","01-01-1900 00:00:00","0","","MIGRASI","11-05-2015 15:42:00",
"01089572031714","01","1","1A00","SD","","0","D","","","","","01-01-1900 00:00:00","0","","MIGRASI","11-05-2015 15:42:00",
"01089572031715","01","1","1A00","SD","","0","D","","","","","01-01-1900 00:00:00","0","","MIGRASI","11-05-2015 15:42:00",
"01089573031716","01","1","1A00","SD","","0","D","","","","","01-01-1900 00:00:00","0","","MIGRASI","11-05-2015 15:42:00",
"01097858016940","01","1","1A00","SD","","0","D","","","","","01-01-1900 00:00:00","0","","MIGRASI","11-05-2015 15:42:00",
"01097859016938","01","1","1A00","SD","","0","D","","","","","01-01-1900 00:00:00","0","","MIGRASI","11-05-2015 15:42:00",
"01097859016939","01","1","1A00","SD","","0","D","","","","","01-01-1900 00:00:00","0","","MIGRASI","11-05-2015 15:42:00",
"01099159030344","01","1","1A00","SD","","0","D","","","","","01-01-1900 00:00:00","0","","MIGRASI","11-05-2015 15:42:00",
"01099160030371","01","1","1A00","SD","","0","D","","","","","01-01-1900 00:00:00","0","","MIGRASI","11-05-2015 15:42:00",
"01099163030346","01","1","1A00","SD","","0","D","","","","","01-01-1900 00:00:00","0","","MIGRASI","11-05-2015 15:42:00",
"01099163030348","01","1","1A00","SD","","0","D","","","","","01-01-1900 00:00:00","0","","MIGRASI","11-05-2015 15:42:00",
"01099164030349","01","1","1A00","SD","","0","D","","","","","01-01-1900 00:00:00","0","","MIGRASI","11-05-2015 15:42:00",
"01099164030350","01","3","3B00","STM","","0","D","","","","","01-01-1900 00:00:00","0","","MIGRASI","11-05-2015 15:42:00",
"01099164030351","01","1","1A00","SD","","0","D","","","","","01-01-1900 00:00:00","0","","MIGRASI","11-05-2015 15:42:00",
"01099164030352","01","1","1A00","SD","","0","D","","","","","01-01-1900 00:00:00","0","","MIGRASI","11-05-2015 15:42:00",
"01099165030353","01","1","1A00","SD","","0","D","","","","","01-01-1900 00:00:00","0","","MIGRASI","11-05-2015 15:42:00",
"01099165030354","01","1","1A00","SD","","0","D","","","","","01-01-1900 00:00:00","0","","MIGRASI","11-05-2015 15:42:00",
"01099165030355","01","1","1A00","SD","","0","D","","","","","01-01-1900 00:00:00","0","","MIGRASI","11-05-2015 15:42:00",
"01099165030356","01","1","1A00","SD","","0","D","","","","","01-01-1900 00:00:00","0","","MIGRASI","11-05-2015 15:42:00",
"01099165030357","01","1","1A00","SD","","0","D","","","","","01-01-1900 00:00:00","0","","MIGRASI","11-05-2015 15:42:00",
"01099166030359","01","1","1A00","SD","","0","D","","","","","01-01-1900 00:00:00","0","","MIGRASI","11-05-2015 15:42:00",
"01099166030360","01","1","1A00","SD","","0","D","","","","","01-01-1900 00:00:00","0","","MIGRASI","11-05-2015 15:42:00",
"01099166030361","01","1","1A00","SD","","0","D","","","","","01-01-1900 00:00:00","0","","MIGRASI","11-05-2015 15:42:00",
"01099166030362","01","3","3A00","SMA","","0","D","","","","","01-01-1900 00:00:00","0","","MIGRASI","11-05-2015 15:42:00",
"01099166030363","01","1","1A00","SD","","0","D","","","","","01-01-1900 00:00:00","0","","MIGRASI","11-05-2015 15:42:00",
"01099166030364","01","1","1A00","SD","","0","D","","","","","01-01-1900 00:00:00","0","","MIGRASI","11-05-2015 15:42:00",
"01099166030365","01","1","1A00","SD","","0","D","","","","","01-01-1900 00:00:00","0","","MIGRASI","11-05-2015 15:42:00",
"01099167030366","01","1","1A00","SD","","0","D","","","","","01-01-1900 00:00:00","0","","MIGRASI","11-05-2015 15:42:00",
"01099168030367","01","1","1A00","SD","","0","D","","","","","01-01-1900 00:00:00","0","","MIGRASI","11-05-2015 15:42:00",
"01099169030369","01","1","1A00","SD","","0","D","","","","","01-01-1900 00:00:00","0","","MIGRASI","11-05-2015 15:42:00",
"01099169030370","01","1","1A00","SD","","0","D","","","","","01-01-1900 00:00:00","0","","MIGRASI","11-05-2015 15:42:00",
"01099170030372","01","1","1A00","SD","","0","D","","","","","01-01-1900 00:00:00","0","","MIGRASI","11-05-2015 15:42:00",
"01099170030373","01","1","1A00","SD","","0","D","","","","","01-01-1900 00:00:00","0","","MIGRASI","11-05-2015 15:42:00",
"01099560031856","01","1","1A00","SD","","0","D","","","","","01-01-1900 00:00:00","0","","MIGRASI","11-05-2015 15:42:00",
"01099561031857","01","2","2A00","SMP","","0","D","","","","","01-01-1900 00:00:00","0","","MIGRASI","11-05-2015 15:42:00",
"01099562031859","01","1","1A00","SD","","0","D","","","","","01-01-1900 00:00:00","0","","MIGRASI","11-05-2015 15:42:00",
"01099563031860","01","1","1A00","SD","","0","D","","","","","01-01-1900 00:00:00","0","","MIGRASI","11-05-2015 15:42:00",
"01099565031861","01","1","1A00","SD","","0","D","","","","","01-01-1900 00:00:00","0","","MIGRASI","11-05-2015 15:42:00",
"01099565031862","01","1","1A00","SD","","0","D","","","","","01-01-1900 00:00:00","0","","MIGRASI","11-05-2015 15:42:00",
"01099566031863","01","1","1M00","MI","","0","D","","","","","01-01-1900 00:00:00","0","","MIGRASI","11-05-2015 15:42:00",
"01099567031864","01","1","1A00","SD","","0","D","","","","","01-01-1900 00:00:00","0","","MIGRASI","11-05-2015 15:42:00",
"01099567031865","01","1","1A00","SD","","0","D","","","","","01-01-1900 00:00:00","0","","MIGRASI","11-05-2015 15:42:00",
"01099567031866","01","1","1A00","SD","","0","D","","","","","01-01-1900 00:00:00","0","","MIGRASI","11-05-2015 15:42:00",
"01099568031867","01","1","1A00","SD","","0","D","","","","","01-01-1900 00:00:00","0","","MIGRASI","11-05-2015 15:42:00",
"01099568031869","01","1","1A00","SD","","0","D","","","","","01-01-1900 00:00:00","0","","MIGRASI","11-05-2015 15:42:00",
"01099568031870","01","1","1A00","SD","","0","D","","","","","01-01-1900 00:00:00","0","","MIGRASI","11-05-2015 15:42:00",
"01099570031871","01","1","1A00","SD","","0","D","","","","","01-01-1900 00:00:00","0","","MIGRASI","11-05-2015 15:42:00",
"01099572029768","01","1","1A00","SD","","0","D","","","","","01-01-1900 00:00:00","0","","MIGRASI","11-05-2015 15:42:00",
"01100463039478","01","1","1M00","SD","","1","D","1969","1972","L","","01-01-1900 00:00:00","0","","MIGRASI","11-05-2015 15:42:00",
"01050774041037","01","2","1A00","SD","","2","D","1984","1987","L","Wi.LXXXVII 48137","28-04-1987 00:00:00","0","","MIGRASI","11-05-2015 15:42:02",
"01010072034888","02","2","2A00","LANJUTAN PERTAMA","SUKABUMI","2","D","1985","1988","L","OA.123645","12-04-1988 00:00:00","0","","MIGRASI","11-05-2015 15:42:02",
"01010075034890","01","1","1A00","SEKOLAH DASAR","SUKABUMI","1","D","1982","1988","L","0179188","01-05-1988 00:00:00","0","","MIGRASI","11-05-2015 15:42:02",
"01050576039895","01","1","1A00","SD","SUKABUMI","1","D","1982","1988","L","OE.00001","01-05-1988 00:00:00","0","","MIGRASI","11-05-2015 15:42:02",
"01059467031149","03","3","3D00","SEMA GARUT","GARUT","2","D","1985","1988","L","0154105","13-05-1988 00:00:00","0","","MIGRASI","11-05-2015 15:42:02",
"01019968033309","01","3","3A00","SMA","SUKABUMI","0","D","1986","1989","L","OA.000236","01-05-1989 00:00:00","0","","MIGRASI","11-05-2015 15:42:02",
"01030277037188","01","1","1A00","SD","SUKABUMI","0","D","1983","1989","L","OE.21456","01-05-1989 00:00:00","0","","MIGRASI","11-05-2015 15:42:02",
"01030277037202","01","1","1A00","SD","SUKABUMI","0","D","1983","1989","L","OE.369365","01-05-1989 00:00:00","0","","MIGRASI","11-05-2015 15:42:02",
"01040477039265","01","1","1A00","SD","SUKABUMI","0","D","1983","1989","L","OE.23566","01-05-1989 00:00:00","0","","MIGRASI","11-05-2015 15:42:02",
"01099168030368","03","3","3A00","MENENGAH ATAS","SUKABUMI","1","D","1986","1989","L","BG/TPH/13672389","01-05-1989 00:00:00","0","","MIGRASI","11-05-2015 15:42:02",
"01079969034914","03","3","3K00","PENDIDIKAN GURU AGAMA","SUKABUMI","2","D","1986","1989","L","Wi.LXXXIX002819","05-05-1989 00:00:00","0","","MIGRASI","11-05-2015 15:42:02",
"01079570031586","03","3","3D00","EKONOMI ATAS","SUKABUMI","2","D","1986","1989","L","0182890","13-05-1989 00:00:00","0","","MIGRASI","11-05-2015 15:42:02",
"01010076034896","01","1","1A00","PENDIDIKAN DASAR","SUKABUMI","2","D","1983","1989","L","","16-05-1989 00:00:00","0","","MIGRASI","11-05-2015 15:42:02",
"01020979041246","01","2","2A00","SMP","SUKABUMI","0","D","1986","1989","L","NO.OB ob 1742887","08-06-1989 00:00:00","0","","MIGRASI","11-05-2015 15:42:02",
"01070177036398","01","1","1A00","SD","SUKABUMI","0","D","1983","1989","L","No.02 OA oa 0194059","15-06-1989 00:00:00","0","","MIGRASI","11-05-2015 15:42:02",
"01010378039059","01","1","1A00","SD","SUKABUMI","1","D","1984","1990","L","OE.000077","01-05-1990 00:00:00","0","","MIGRASI","11-05-2015 15:42:02",
"01010072034886","02","2","2000","LANJUTAN PERTAMA","SUKABUMI","2","D","1987","1990","L","0125654","12-05-1990 00:00:00","0","","MIGRASI","11-05-2015 15:42:02",
"01070174036393","02","2","2A00","SMP","BANDUNG","0","D","1987","1990","L","No.02 OB ob 1788332","05-06-1990 00:00:00","0","","MIGRASI","11-05-2015 15:42:02",
"01100477039479","01","1","1A00","SD","SUKABUMI","0","D","1984","1990","L","","11-06-1990 00:00:00","0","","MIGRASI","11-05-2015 15:42:02",
"01050578039886","01","1","1A00","SD","SUKABUMI","0","D","1985","1991","L","0122345","01-05-1991 00:00:00","0","","MIGRASI","11-05-2015 15:42:02",
"01050579039891","01","1","1A00","SD","SUKABUMI","1","D","1985","1991","L","OE.00125","01-05-1991 00:00:00","0","","MIGRASI","11-05-2015 15:42:02",
"01010072034888","03","3","3A00","LANJUTAN ATAS","SUKABUMI","2","D","1988","1991","L","OA.100236","16-05-1991 00:00:00","0","","MIGRASI","11-05-2015 15:42:02",
"01010178035741","01","1","1A00","SD","SUKABUMI","1","D","1986","1991","L","OE.0000056","01-06-1991 00:00:00","0","","MIGRASI","11-05-2015 15:42:02",
"01060673040450","01","2","2A00","SMP","","0","D","1988","1991","L","E.IV/W.I/MTs/17150","01-06-1991 00:00:00","0","","MIGRASI","11-05-2015 15:42:02",
"01010177035746","01","1","1A00","SD","SUKABUMI","0","D","1985","1991","L","NO.0188547","15-06-1991 00:00:00","0","","MIGRASI","11-05-2015 15:42:02",
"01010179035739","01","1","1A00","SD","SUKABUMI","0","D","","1991","L","No.0178939","15-06-1991 00:00:00","0","","MIGRASI","11-05-2015 15:42:02",
"01050777041042","01","1","1A00","SD","","0","D","1988","1991","L","02 OA oa 0188365","15-06-1991 00:00:00","0","","MIGRASI","11-05-2015 15:42:02",
"01110677040722","01","1","1A00","SD","","0","D","1984","1991","L","02 OA oa 0188338","15-06-1991 00:00:00","0","","MIGRASI","11-05-2015 15:42:02",
"01050578039892","01","1","1A00","SD","SUKABUMI","1","D","1986","1992","L","OE.00125","01-05-1992 00:00:00","0","","MIGRASI","11-05-2015 15:42:02",
"01010076034896","02","2","2000","LANJUTAN PERTAMA","SUKABUMI","2","D","1989","1992","L","","04-05-1992 00:00:00","0","","MIGRASI","11-05-2015 15:42:02",
"01050777041038","01","1","1A00","SD","","0","D","1989","1992","L","02 OA oa 0233369","25-05-1992 00:00:00","0","","MIGRASI","11-05-2015 15:42:02",
"01070177036395","01","1","1A00","SD","SUKABUMI","0","D","1986","1992","L","No.02 OA oa 0196752","25-05-1992 00:00:00","0","","MIGRASI","11-05-2015 15:42:02",
"01060676040451","01","2","2A00","SMP","SUKABUMI","0","D","1987","1992","L","02 OA ob 0340472","30-05-1992 00:00:00","0","","MIGRASI","11-05-2015 15:42:02",
"01070177036398","02","2","2A00","SMP","SUKABUMI","0","D","1989","1992","L","No.02 OA ob 0340473","30-05-1992 00:00:00","0","","MIGRASI","11-05-2015 15:42:02",
"01040476039269","01","1","1A00","SD","SUKABUMI","0","D","1986","1992","L","No 02 OA oa 129988","03-06-1992 00:00:00","0","","MIGRASI","11-05-2015 15:42:02",
"01020979041242","01","1","1000","SD","SUKABUMI","0","D","1989","1992","L","No.02 OA oa 0187455","08-06-1992 00:00:00","0","","MIGRASI","11-05-2015 15:42:02",
"01050575039896","01","1","1A00","SD","SUKABUMI","0","D","1987","1993","L","OE.0005","01-05-1993 00:00:00","0","","MIGRASI","11-05-2015 15:42:02",
"01010072034886","03","3","3B00","TEKNIK MENENGAH ATAS","SUKABUMI","2","D","1990","1993","L","0089346","29-05-1993 00:00:00","0","","MIGRASI","11-05-2015 15:42:02",
"01010380039063","01","1","1A00","SD","SUKABUMI","1","D","1986","1994","L","OE.000021","01-05-1994 00:00:00","0","","MIGRASI","11-05-2015 15:42:02",
"01050578039886","02","2","2A00","SMP","SUKABUMI","0","D","1991","1994","L","0125345","01-05-1994 00:00:00","0","","MIGRASI","11-05-2015 15:42:02",
"01050578039889","01","1","1A00","SD","SUKABUMI","1","D","1988","1994","L","OE.00001","01-05-1994 00:00:00","0","","MIGRASI","11-05-2015 15:42:02",
"01010178035741","02","2","2A00","SMP","SUKABUMI","1","D","1991","1994","L","OE.000075","01-06-1994 00:00:00","0","","MIGRASI","11-05-2015 15:42:02",
"01010179035739","02","2","1A00","SD","SUKABUMI","0","D","","1994","L","No.33123/94","06-06-1994 00:00:00","0","","MIGRASI","11-05-2015 15:42:02",
"01060680040449","01","2","2A00","SMP","","0","D","1991","1994","L","02 OA oa 0227651","10-06-1994 00:00:00","0","","MIGRASI","11-05-2015 15:42:02",
"01070177036398","03","3","3A00","SMA","SUKABUMI","0","D","1992","1995","L","No.02 OB oe 0112472","26-05-1995 00:00:00","0","","MIGRASI","11-05-2015 15:42:02",
"01110680040719","01","1","1A00","SD","","0","D","1989","1995","L","02 OA oa 0233325","27-05-1995 00:00:00","0","","MIGRASI","11-05-2015 15:42:02",
"01020979041242","02","2","2A00","SMP","SUKABUMI","0","D","1992","1995","L","No.02 OA ob 1498374","14-06-1995 00:00:00","0","","MIGRASI","11-05-2015 15:42:02",
"01010381039065","01","2","2A00","SMP","SUKABUMI","1","D","1993","1996","L","OE.000023","01-05-1996 00:00:00","0","","MIGRASI","11-05-2015 15:42:02",
"01070174036393","03","3","3A00","SMA","JAKARTA","0","D","1993","1996","L","No.01 OB Oc 0155385","24-05-1996 00:00:00","0","","MIGRASI","11-05-2015 15:42:02",
"01017960017464","01","1","1A00","SD","SUKABUMI","1","D","1966","1972","L","OE.00003","01-05-1987 00:00:00","0","","MIGRASI","11-05-2015 15:42:02",
"01040469039266","01","1","1A00","SD","SUKABUMI","0","D","1981","1987","L","OE.254563","01-05-1987 00:00:00","0","","MIGRASI","11-05-2015 15:42:02",
"01050573039900","01","1","1A00","SD","SUKABUMI","1","D","1981","1987","L","OE.0005","01-05-1987 00:00:00","0","","MIGRASI","11-05-2015 15:42:02",
"01050574039887","01","1","1A00","SD","SUKABUMI","0","D","1981","1987","L","OE.0002","01-05-1987 00:00:00","0","","MIGRASI","11-05-2015 15:42:02",
"01050574039890","01","1","1A00","SD","SUKABUMI","1","D","1981","1987","L","OE.0004","01-05-1987 00:00:00","0","","MIGRASI","11-05-2015 15:42:02",
"01050775041043","01","1","1A00","SD","SUKABUMI","1","D","1981","1987","L","OE.00003645","01-05-1987 00:00:00","0","","MIGRASI","11-05-2015 15:42:02",
"01050775041044","01","1","1A00","SD","SUKABUMI","1","D","1981","1987","L","OE.000052","01-05-1987 00:00:00","0","","MIGRASI","11-05-2015 15:42:02",
"01010072034886","01","1","1A00","PENDIDIKAN DASAR","SUKABUMI","2","D","1981","1987","L","0160511","04-05-1987 00:00:00","0","","MIGRASI","11-05-2015 15:42:02",
"01010166035742","03","3","3A00","SMA","SUKABUMI","1","D","1984","1987","L","No.0660832","02-06-1987 00:00:00","0","","MIGRASI","11-05-2015 15:42:02",
"01049067028813","02","2","2A00","SEK.LANJUTAN PERTAMA","BOGOR","1","D","1979","1983","L","02.OBob.0994830","31-05-1983 00:00:00","0","","MIGRASI","11-05-2015 15:42:01",
"01059467031154","03","3","3A00","LANJUTAN ATAS","SUKABUMI","2","D","1984","1987","L","02OCoh.0121249","02-06-1987 00:00:00","0","","MIGRASI","11-05-2015 15:42:02",
"01070175036399","01","1","1A00","SD","SUKABUMI","0","D","1981","1987","L","No.02 OA oa 0170821","06-06-1987 00:00:00","0","0","MIGRASI","11-05-2015 15:42:02",
"01059465031152","02","2","2A00","LANJUTAN PERTAMA","SUKABUMI","2","D","1979","1982","L","02OBob.1091394","31-05-1983 00:00:00","0","","MIGRASI","11-05-2015 15:42:01",
"01010371039060","01","1","1A00","SD","SUKABUMI","1","D","1977","1983","L","OE.000056","01-06-1983 00:00:00","0","","MIGRASI","11-05-2015 15:42:01",
"01079570031586","01","1","1A00","SEKOLAH DASAR","SUKABUMI","2","D","1977","1983","L","131192","03-06-1983 00:00:00","0","","MIGRASI","11-05-2015 15:42:01",
"01079969034914","01","1","1A00","SEKOLAH DASAR","SUKABUMI","2","D","1978","1983","L","020A0a120425","03-06-1983 00:00:00","0","","MIGRASI","11-05-2015 15:42:01",
"01099168030368","01","1","1A00","SEKOLAH DASAR","SUKABUMI","2","D","1977","1983","L","02OAoa.121898","03-06-1983 00:00:00","0","","MIGRASI","11-05-2015 15:42:01",
"01010371039051","01","1","1A00","SD","SUKABUMI","1","D","1978","1984","L","OE.0000253","01-05-1984 00:00:00","0","","MIGRASI","11-05-2015 15:42:01",
"01010376039057","01","1","1000","SD","SUKABUMI","1","D","1982","1984","L","OE.0000056","01-05-1984 00:00:00","0","","MIGRASI","11-05-2015 15:42:01",
"01030272037193","01","1","1A00","SD","SUKABUMI","0","D","1978","1984","L","OE.236589","01-05-1984 00:00:00","0","","MIGRASI","11-05-2015 15:42:01",
"01059467031154","02","2","2A00","LANJUTAN PERTAMA","SUKABUMI","2","D","1981","1984","L","02OBob.1254702","21-05-1984 00:00:00","0","","MIGRASI","11-05-2015 15:42:01",
"01010166035742","02","2","2A00","SMP","SUKABUMI","1","D","1981","1984","L","OE.0000567","05-06-1984 00:00:00","0","","MIGRASI","11-05-2015 15:42:01",
"01079165030278","03","3","3B00","TEKNIK MENENGAH","SUKABUMI","2","D","1982","1985","L","02OCou.0045320","30-04-1985 00:00:00","0","","MIGRASI","11-05-2015 15:42:02",
"01030273037186","01","1","1A00","SD","SUKABUMI","0","D","1979","1985","L","OE.012356","01-05-1985 00:00:00","0","","MIGRASI","11-05-2015 15:42:02",
"01030273037191","01","1","1A00","SD","SUKABUMI","0","D","1979","1985","L","OE.0001236","01-05-1985 00:00:00","0","","MIGRASI","11-05-2015 15:42:02",
"01030273037199","01","1","1A00","SD","SUKABUMI","0","D","1979","1985","L","OE.896523","01-05-1985 00:00:00","0","","MIGRASI","11-05-2015 15:42:02",
"01030273037201","01","1","1A00","SD","SUKABUMI","0","D","1979","1985","L","OE.23658","01-05-1985 00:00:00","0","","MIGRASI","11-05-2015 15:42:02",
"01030273037204","01","1","1A00","SEKOLAH DASAR","SUKABUMI","0","D","1979","1985","L","OE.365231","01-05-1985 00:00:00","0","","MIGRASI","11-05-2015 15:42:02",
"01049065028872","03","3","3E00","LANJUTAN ATAS","PANDEGLANG","2","D","1982","1985","L","002333","06-05-1985 00:00:00","0","","MIGRASI","11-05-2015 15:42:02",
"01059467031149","02","2","2A00","SMPN GARUT","GARUT","2","D","1982","1985","L","1327051","14-05-1985 00:00:00","0","","MIGRASI","11-05-2015 15:42:02",
"01110671040723","01","1","1A00","SD","","0","D","1979","1985","L","02 OA oa 169480","28-05-1985 00:00:00","0","","MIGRASI","11-05-2015 15:42:02",
"01110674040715","01","1","1A00","SD","","0","D","1979","1985","L","02 OA oa 169470","28-05-1985 00:00:00","0","","MIGRASI","11-05-2015 15:42:02",
"01128864027886","01","7","7000","","","0","D","","","L","","01-01-1900 00:00:00","0","","MIGRASI","11-05-2015 16:44:02",
"01019266030433","001","","3A00","SEKOLAH MENNGAH ATAS","BANDUNG","Disamakan","D","1981","1983","Y","","01-01-1900 00:00:00","0","","","01-01-1900 00:00:00",
"01109568031898","01","4","7000","PERTANIAN","BANDUNG","0","D","1986","1990","L","","01-01-1900 00:00:00","0","","MIGRASI","11-05-2015 08:52:04",
"01079569031500","001","","3000","MAN","CIANJUR","Diakui","D","1989","1991","Y","Wi.XCI 002671","17-05-1991 00:00:00","0","","","01-01-1900 00:00:00",
"01011383042043","001","","7000","UNIVERSITAS PADJADJARAN","BANDUNG","Diakui","D","","","Y","J06.56532/F.5365","25-02-2006 00:00:00","0","","","01-01-1900 00:00:00",
"01050271038042","001","","7000","UNIVERSITAS PADJADJARAN","BANDUNG","Diakui","D","","","Y","782/JAB.6.FP1KM-I","20-08-1997 00:00:00","3,25","","","01-01-1900 00:00:00",
"01058463022973","001","","7000","UT","BOGOR","Diakui","D","1997","2003","Y","","01-01-1900 00:00:00","0","","","01-01-1900 00:00:00",
"1038867027688","001","","2BD0","STM","PELABUHAN RATU","Diakui","D","","","Y","","01-01-1900 00:00:00","0","","","01-01-1900 00:00:00",
"01038867027688","001","","2BD0","STM","PELABUHAN RATU","Diakui","D","","","Y","","01-01-1900 00:00:00","80","","","01-01-1900 00:00:00",
"01011384042048","001","","7000","","PURWOKERTO","Diakui","D","","","Y","","01-01-1900 00:00:00","0","","","01-01-1900 00:00:00",
"26028765027089","001","","2BD0","STM","CIANJUR","Diakui","D","","","Y","STM.CJR/14453/1991","01-01-1900 00:00:00","85","","","01-01-1900 00:00:00",
"01058566025248","01","1","1A00","UMUM","BOGOR","0","D","1974","1979","L","XAA no 46086","31-05-1979 00:00:00","64","","MIGRASI","18-05-2015 13:32:25",
"01058566025248","02","2","2A00","UMUM","BOGOR","1","D","1979","1982","L","02 OB ob 1012883","07-06-1982 00:00:00","75","","MIGRASI","18-05-2015 13:32:25",
"01058566025248","03","3","3DC0","TATA BUKU","BOGOR","1","D","1982","1985","L","02 OC os 0058808","30-04-1985 00:00:00","13,8","","MIGRASI","18-05-2015 13:32:25",
"01070578040080","01","1","1A00","SD","BANDUNG","0","D","1986","1991","L","02 OA oa 0455444","15-06-1991 00:00:00","0","","MIGRASI","18-05-2015 10:28:32",
"01070578040080","02","2","2A00","SMP","BANDUNG","0","D","1991","1994","L","02 OA ob 0310483","06-06-1994 00:00:00","0","","MIGRASI","18-05-2015 10:28:32",
"01070578040080","03","3","3A00","SMA","BANDUNG","0","D","1994","1997","L","02 OB ol 102 084650","05-06-1997 00:00:00","0","","MIGRASI","18-05-2015 10:28:32",
"01070578040080","04","7","7000","AGRONOMI","BANDUNG","0","D","","2002","L","J06.45769/E.4006","02-09-2002 00:00:00","2,91","","MIGRASI","18-05-2015 10:28:32",
"01028565024738","01","3","3E00","SPMA","BANDUNG","Diakui","D","1981","1984","L","B.6/V/38.524/84","15-05-1984 00:00:00","0","","","01-01-1900 00:00:00",
"01070578040081","01","1","1A00","SD","SERANG","0","D","","","L","","01-01-1900 00:00:00","0","","MIGRASI","18-05-2015 13:32:25",
"01070578040081","02","2","2A00","SMP","BOGOR","0","D","","","L","","01-01-1900 00:00:00","0","","MIGRASI","18-05-2015 13:32:25",
"01070578040081","03","3","3A00","SMA","BOGOR","0","D","","","L","","01-01-1900 00:00:00","0","","MIGRASI","18-05-2015 13:32:25",
"01070578040081","04","7","7000","MANAJEMEN HUTAN","BANDUNG","0","D","1997","2001","L","","01-01-1900 00:00:00","0","","MIGRASI","18-05-2015 13:32:25",
"01049067028813","04","3","3J00","SEKOLAH GURU OLAH RAGA","BOGOR","2","D","1985","1987","L","02.OCok.0010319","02-06-1987 00:00:00","0","","MIGRASI","11-05-2015 15:42:02",
"01010180035745","01","1","1A00","SD","SUKABUMI","1","D","1990","1996","L","NO.0245407","08-06-1996 00:00:00","0","","MIGRASI","11-05-2015 15:42:02",
"01060681040448","01","1","1A00","SMA","","0","D","1990","1996","L","02 OA oa 0245218","08-06-1996 00:00:00","0","","MIGRASI","11-05-2015 15:42:02",
"01010179035739","03","3","3A00","SMA","TEGAL","0","D","","1997","L","No.113356","02-02-1997 00:00:00","0","","MIGRASI","11-05-2015 15:42:02",
"01050578039886","03","3","3A00","SMA","SUKABUMI","0","D","1994","1997","L","0359875","01-05-1997 00:00:00","0","","MIGRASI","11-05-2015 15:42:02",
"01010178035741","03","3","3A00","SMA","SUKABUMI","1","D","1994","1997","L","02.OB of.103051197","05-06-1997 00:00:00","0","","MIGRASI","11-05-2015 15:42:02",
"01050778041040","01","3","3BE0","MEKANIK OTOMOTIF","SUKABUMI","1","D","1994","1997","L","02 OB og 226006458","05-06-1997 00:00:00","0","","MIGRASI","11-05-2015 15:42:02",
"01100478039480","03","3","3A00","SD","SUKABUMI","1","D","1994","1997","L","No02 OB of 102045049","05-06-1997 00:00:00","0","","MIGRASI","11-05-2015 15:42:02",
"01020979041242","03","3","3B00","STM","SUKABUMI","0","D","1996","1999","L","No.02 Mk 228 0014052","31-05-1999 00:00:00","0","","MIGRASI","11-05-2015 15:42:02",
"01040482039267","01","2","2A00","SMP","SUKABUMI","0","D","1993","1999","L","02 di 0076013","02-06-1999 00:00:00","0","","MIGRASI","11-05-2015 15:42:02",
"01100483039482","01","2","2000","SD","SUKABUMI","0","D","1997","2000","L","","24-06-2000 00:00:00","0","","MIGRASI","11-05-2015 15:42:02",
"01050782041035","01","3","3A00","SMA","SUKABUMI","0","D","1998","2001","L","02 Mu 0056954","23-06-2001 00:00:00","0","","MIGRASI","11-05-2015 15:42:02",
"01050783041036","01","2","1M00","PENDIDIKAN AGAMA","SUKABUMI","1","D","1997","2004","L","OB.02/2004","01-05-2004 00:00:00","0","A","MIGRASI","11-05-2015 15:42:02",
"01018762027013","03","3","3A00","SMA (PERSAMAAN)","SUKABUMI","2","D","2003","2004","L","02PC 050100","01-11-2004 00:00:00","0","","MIGRASI","11-05-2015 15:42:02",
"01018765027017","03","3","3A00","ILMU PENGETAHUAN SOSIAL (PERSAMAAN PAKET C)","SUKABUMI","0","D","2003","2004","L","02 PC 050093","08-11-2004 00:00:00","0","","MIGRASI","11-05-2015 15:42:02",
"01040465039268","01","0","0000","SD","SUKABUMI","0","D","1966","1966","T","","01-01-1900 00:00:00","0","","MIGRASI","11-05-2015 15:41:59",
"01050270038031","00","7","2000","SARJANA PERTANIAN","BOGOR","1","D","1998","2002","L","","01-01-1900 00:00:00","0","","MIGRASI","11-05-2015 15:41:59",
"01059464031150","01","1","1A00","SD","","0","D","","","","","01-01-1900 00:00:00","0","","MIGRASI","11-05-2015 15:41:59",
"01059464031155","01","1","1A00","SD","","0","D","","","","","01-01-1900 00:00:00","0","","MIGRASI","11-05-2015 15:41:59",
"01059465031151","01","2","2A00","SMP","","0","D","","","","","01-01-1900 00:00:00","0","","MIGRASI","11-05-2015 15:41:59",
"01059466031153","01","1","1A00","SD","","0","D","","","","","01-01-1900 00:00:00","0","","MIGRASI","11-05-2015 15:41:59",
"01059467031156","01","2","2A00","SMP","","0","D","","","","","01-01-1900 00:00:00","0","","MIGRASI","11-05-2015 15:41:59",
"01059467031157","01","1","1A00","SD","","0","D","","","","","01-01-1900 00:00:00","0","","MIGRASI","11-05-2015 15:41:59",
"01059468031159","01","1","1A00","SD","","0","D","","","","","01-01-1900 00:00:00","0","","MIGRASI","11-05-2015 15:41:59",
"01059470031162","01","1","1A00","SD","","0","D","","","","","01-01-1900 00:00:00","0","","MIGRASI","11-05-2015 15:41:59",
"01059470031163","01","1","1A00","SD","","0","D","","","","","01-01-1900 00:00:00","0","","MIGRASI","11-05-2015 15:41:59",
"01059470031164","01","1","1A00","SD","","0","D","","","","","01-01-1900 00:00:00","0","","MIGRASI","11-05-2015 15:41:59",
"01059471031165","01","1","1A00","SD","","0","D","","","","","01-01-1900 00:00:00","0","","MIGRASI","11-05-2015 15:41:59",
"01059473031166","01","2","2A00","SMP","","0","D","","","","","01-01-1900 00:00:00","0","","MIGRASI","11-05-2015 15:41:59",
"01060668040442","01","1","1A00","SD","","0","D","","","L","","01-01-1900 00:00:00","0","","MIGRASI","11-05-2015 15:41:59",
"01060672040446","01","1","1A00","SD","","0","D","","","L","","01-01-1900 00:00:00","0","","MIGRASI","11-05-2015 15:41:59",
"01060675040443","01","1","2A00","SMP","","0","D","","","L","","01-01-1900 00:00:00","0","","MIGRASI","11-05-2015 15:41:59",
"01060677040445","01","3","3000","SEKOLAH MENENGAH ATAS (PERSAMAAN/PAKET C)","SUKABUMI","1","D","2004","2006","L","","01-01-1900 00:00:00","0","","MIGRASI","11-05-2015 15:41:59",
"01068060020052","01","1","1A00","SD","","0","D","","","","","01-01-1900 00:00:00","0","","MIGRASI","11-05-2015 15:41:59",
"01068760027204","01","1","1A00","SD","","0","D","","","","","01-01-1900 00:00:00","0","","MIGRASI","11-05-2015 15:41:59",
"01070161036392","01","0","1A00","PENDIDIKAN DASAR","SUKABUMI","2","D","1970","1975","T","","01-01-1900 00:00:00","0","","MIGRASI","11-05-2015 15:41:59",
"01070165036400","01","1","1A00","SD","","0","D","","","T","","01-01-1900 00:00:00","0","","MIGRASI","11-05-2015 15:41:59",
"01070172036394","01","1","1A00","SD","","0","D","","","T","","01-01-1900 00:00:00","0","","MIGRASI","11-05-2015 15:41:59",
"01070174036396","01","1","1A00","SD","","0","D","","","T","","01-01-1900 00:00:00","0","","MIGRASI","11-05-2015 15:41:59",
"01077160005816","01","1","1A00","SD","","0","D","","","","","01-01-1900 00:00:00","0","","MIGRASI","11-05-2015 15:41:59",
"01077759015206","01","1","1A00","SD","","0","D","","","","","01-01-1900 00:00:00","0","","MIGRASI","11-05-2015 15:41:59",
"01077760015208","01","1","1A00","SD","","0","D","","","","","01-01-1900 00:00:00","0","","MIGRASI","11-05-2015 15:41:59",
"01077961018242","01","1","1A00","SD","","0","D","","","","","01-01-1900 00:00:00","0","","MIGRASI","11-05-2015 15:41:59",
"01077962018244","01","1","1A00","SD","","0","D","","","","","01-01-1900 00:00:00","0","","MIGRASI","11-05-2015 15:41:59",
"01078062020245","01","1","1A00","SD","","0","D","","","","","01-01-1900 00:00:00","0","","MIGRASI","11-05-2015 15:41:59",
"01079160030326","01","1","1A00","SD","","0","D","","","","","01-01-1900 00:00:00","0","","MIGRASI","11-05-2015 15:41:59",
"01079162030276","01","1","1A00","SD","","0","D","","","","","01-01-1900 00:00:00","0","","MIGRASI","11-05-2015 15:41:59",
"01079163030277","01","2","2A00","SMP","","0","D","","","","","01-01-1900 00:00:00","0","","MIGRASI","11-05-2015 15:41:59",
"01079558031565","01","1","1A00","SD","","0","D","","","","","01-01-1900 00:00:00","0","","MIGRASI","11-05-2015 15:41:59",
"01079560031568","01","1","1A00","SD","","0","D","","","","","01-01-1900 00:00:00","0","","MIGRASI","11-05-2015 15:41:59",
"01079560031569","01","1","1A00","SD","","0","D","","","","","01-01-1900 00:00:00","0","","MIGRASI","11-05-2015 15:41:59",
"01079560031570","01","1","1A00","SD","","0","D","","","","","01-01-1900 00:00:00","0","","MIGRASI","11-05-2015 15:41:59",
"01079560031571","01","1","1A00","SD","","0","D","","","","","01-01-1900 00:00:00","0","","MIGRASI","11-05-2015 15:41:59",
"01079560031572","01","1","1M00","MI","","0","D","","","","","01-01-1900 00:00:00","0","","MIGRASI","11-05-2015 15:41:59",
"01079560031573","01","1","1A00","SD","","0","D","","","","","01-01-1900 00:00:00","0","","MIGRASI","11-05-2015 15:41:59",
"01079562031574","01","2","2M00","MTS","","0","D","","","","","01-01-1900 00:00:00","0","","MIGRASI","11-05-2015 15:41:59",
"01079562031575","01","1","1A00","SD","","0","D","","","","","01-01-1900 00:00:00","0","","MIGRASI","11-05-2015 15:41:59",
"01079562031576","01","1","1A00","SD","","0","D","","","","","01-01-1900 00:00:00","0","","MIGRASI","11-05-2015 15:41:59",
"01079563031577","01","2","2M00","MTS","","0","D","","","","","01-01-1900 00:00:00","0","","MIGRASI","11-05-2015 15:41:59",
"01079564031578","01","1","1A00","SD","","0","D","","","","","01-01-1900 00:00:00","0","","MIGRASI","11-05-2015 15:41:59",
"01079564031579","01","1","1A00","SD","","0","D","","","","","01-01-1900 00:00:00","0","","MIGRASI","11-05-2015 15:41:59",
"01079564031580","01","1","1A00","SD","","0","D","","","","","01-01-1900 00:00:00","0","","MIGRASI","11-05-2015 15:41:59",
"01079564031581","01","1","1A00","SD","","0","D","","","","","01-01-1900 00:00:00","0","","MIGRASI","11-05-2015 15:41:59",
"01079565031582","01","1","1A00","SD","","0","D","","","","","01-01-1900 00:00:00","0","","MIGRASI","11-05-2015 15:41:59",
"01079566031583","01","1","1A00","SD","","0","D","","","","","01-01-1900 00:00:00","0","","MIGRASI","11-05-2015 15:41:59",
"01079569031584","01","1","1A00","SD","","0","D","","","","","01-01-1900 00:00:00","0","","MIGRASI","11-05-2015 15:41:59",
"01079570031587","01","1","1A00","SD","","0","D","","","","","01-01-1900 00:00:00","0","","MIGRASI","11-05-2015 15:41:59",
"01079570031589","01","1","1A00","SD","","0","D","","","","","01-01-1900 00:00:00","0","","MIGRASI","11-05-2015 15:41:59",
"01079572031591","01","1","1A00","SD","","0","D","","","","","01-01-1900 00:00:00","0","","MIGRASI","11-05-2015 15:41:59",
"01079573031590","01","2","2A00","SMP","","0","D","","","","","01-01-1900 00:00:00","0","","MIGRASI","11-05-2015 15:41:59",
"01079574031593","01","1","1A00","SD","","0","D","","","","","01-01-1900 00:00:00","0","","MIGRASI","11-05-2015 15:41:59",
"01079669032285","01","3","3D00","SMA","","0","D","1985","1988","L","","01-01-1900 00:00:00","0","","MIGRASI","11-05-2015 15:41:59",
"01079760032617","01","1","1A00","SD","","0","D","","","","","01-01-1900 00:00:00","0","","MIGRASI","11-05-2015 15:41:59",
"01079760032618","01","1","1A00","SD","","0","D","","","","","01-01-1900 00:00:00","0","","MIGRASI","11-05-2015 15:41:59",
"01079762032621","01","1","1A00","SD","","0","D","","","","","01-01-1900 00:00:00","0","","MIGRASI","11-05-2015 15:41:59",
"01079763032622","01","1","1A00","SD","","0","D","","","","","01-01-1900 00:00:00","0","","MIGRASI","11-05-2015 15:41:59",
"01079764032623","01","1","1A00","SD","","0","D","","","","","01-01-1900 00:00:00","0","","MIGRASI","11-05-2015 15:41:59",
"01079768032625","01","3","2A00","SMA","","0","D","","","L","","01-01-1900 00:00:00","0","","MIGRASI","11-05-2015 15:41:59",
"01079863033010","01","1","1A00","SEKOLAH DASAR","SUKABUMI","1","D","1968","1974","L","","01-01-1900 00:00:00","0","","MIGRASI","11-05-2015 15:41:59",
"01079866033012","01","1","1A00","SEKOLAH DASAR","SUKABUMI","2","D","1973","1980","L","","01-01-1900 00:00:00","0","","MIGRASI","11-05-2015 15:41:59",
"01079872032992","01","1","1A00","SEKOLAH DASAR","","0","D","","","L","","01-01-1900 00:00:00","0","","MIGRASI","11-05-2015 15:41:59",
"01079964034922","01","1","1A00","SEKOLAH DASAR","SUKABUMI","2","D","1975","1982","L","","01-01-1900 00:00:00","0","","MIGRASI","11-05-2015 15:41:59",
"01079965034924","01","1","1A00","SEKOLAH DASAR","SUKABUMI","2","D","1974","1981","L","","01-01-1900 00:00:00","0","","MIGRASI","11-05-2015 15:41:59",
"01079967034920","01","1","1A00","SEKOLAH DASAR","SUKABUMI","2","D","1981","1987","L","","01-01-1900 00:00:00","0","","MIGRASI","11-05-2015 15:41:59",
"01079968034916","01","1","1A00","SEKOLAH DASAR","SUKABUMI","2","D","1980","1986","L","","01-01-1900 00:00:00","0","","MIGRASI","11-05-2015 15:41:59",
"01079968034916","02","2","2000","SLTP","SUKABUMI","2","D","1986","1989","L","","01-01-1900 00:00:00","0","","MIGRASI","11-05-2015 15:41:59",
"01079968034930","01","1","1A00","SEKOLAH DASAR","SUKABUMI","2","D","1980","1987","L","","01-01-1900 00:00:00","0","","MIGRASI","11-05-2015 15:41:59",
"01079968034936","01","1","1A00","SEKOLAH DASAR","SUKABUMI","2","D","1976","1982","L","","01-01-1900 00:00:00","0","","MIGRASI","11-05-2015 15:41:59",
"01079968034938","01","1","1A00","SEKOLAH DASAR","SUKABUMI","2","D","1976","1983","L","","01-01-1900 00:00:00","0","","MIGRASI","11-05-2015 15:41:59",
"01079968034942","01","1","1A00","SEKOLAH DASAR","SUKABUMI","2","D","1977","1983","L","","01-01-1900 00:00:00","0","","MIGRASI","11-05-2015 15:41:59",
"01100470039481","01","0","0000","SD","SUKABUMI","0","D","1982","1984","T","","01-01-1900 00:00:00","0","","MIGRASI","11-05-2015 15:42:00",
"01100478039480","01","1","1A00","SD","SUKABUMI","0","D","1989","1991","L","","01-01-1900 00:00:00","0","","MIGRASI","11-05-2015 15:42:00",
"01100478039480","02","2","2A00","SD","SUKABUMI","0","D","1991","1994","L","","01-01-1900 00:00:00","0","","MIGRASI","11-05-2015 15:42:00",
"01110669040718","01","1","1A00","SD","","0","D","1978","1982","T","","01-01-1900 00:00:00","0","","MIGRASI","11-05-2015 15:42:00",
"01110672040720","01","1","1A00","SD","","0","D","1979","1983","T","","01-01-1900 00:00:00","0","","MIGRASI","11-05-2015 15:42:00",
"01110673040717","01","1","1A00","SD","","0","D","1982","1986","T","","01-01-1900 00:00:00","0","","MIGRASI","11-05-2015 15:42:00",
"01110674040721","01","1","1A00","SD","","0","D","1981","1984","T","","01-01-1900 00:00:00","0","","MIGRASI","11-05-2015 15:42:00",
"01110676040716","01","1","1A00","SD","","0","D","1985","1989","T","","01-01-1900 00:00:00","0","","MIGRASI","11-05-2015 15:42:00",
"01110677040722","02","2","2A00","SMP","","0","D","1991","1994","L","02 OA ob 0232794","01-01-1900 00:00:00","0","","MIGRASI","11-05-2015 15:42:00",
"01110680040724","01","1","1A00","SD","","0","D","1987","1990","T","","01-01-1900 00:00:00","0","","MIGRASI","11-05-2015 15:42:00",
"01117859017099","01","1","1A00","SD","","0","D","","","","","01-01-1900 00:00:00","0","","MIGRASI","11-05-2015 15:42:00",
"01117860017102","01","1","1A00","SD","","0","D","","","","","01-01-1900 00:00:00","0","","MIGRASI","11-05-2015 15:42:00",
"01117861017103","01","1","1A00","SD","","0","D","","","","","01-01-1900 00:00:00","0","","MIGRASI","11-05-2015 15:42:00",
"01117861017106","01","1","1A00","SD","","0","D","","","","","01-01-1900 00:00:00","0","","MIGRASI","11-05-2015 15:42:00",
"01120568040212","01","1","1A00","SD","","0","D","","","L","","01-01-1900 00:00:00","0","","MIGRASI","11-05-2015 15:42:00",
"01120570040216","01","1","1A00","SD","","0","D","","","L","","01-01-1900 00:00:00","0","","MIGRASI","11-05-2015 15:42:00",
"01120572040211","01","1","1A00","SD","","0","D","","","L","","01-01-1900 00:00:00","0","","MIGRASI","11-05-2015 15:42:00",
"01120574040214","01","1","1A00","SD","","0","D","","","L","","01-01-1900 00:00:00","0","","MIGRASI","11-05-2015 15:42:00",
"01120577040213","01","3","3B00","SMA","","0","D","","","L","","01-01-1900 00:00:00","0","","MIGRASI","11-05-2015 15:42:00",
"01120582040215","01","3","3B00","MESIN OTOMOTIF","SUKABUMI","1","D","1998","2001","L","","01-01-1900 00:00:00","0","","MIGRASI","11-05-2015 15:42:00",
"01127758015624","01","1","1A00","SD","","0","D","","","","","01-01-1900 00:00:00","0","","MIGRASI","11-05-2015 15:42:00",
"13127059005178","01","1","1A00","SD","","0","D","","","","","01-01-1900 00:00:00","0","","MIGRASI","11-05-2015 15:42:00",
"21018769027035","01","1","1A00","SD","BOGOR","0","D","","","L","","01-01-1900 00:00:00","0","","MIGRASI","11-05-2015 15:42:00",
"22018868027619","01","1","1A00","SD","BOGOR","0","D","","","L","","01-01-1900 00:00:00","0","","MIGRASI","11-05-2015 15:42:00",
"31127359009368","01","1","1A00","SD","","0","D","","","","","01-01-1900 00:00:00","0","","MIGRASI","11-05-2015 15:42:00",
"31127758015689","01","1","1A00","SD","","0","D","","","","","01-01-1900 00:00:00","0","","MIGRASI","11-05-2015 15:42:00",
"31127759015690","01","1","1A00","SD","","0","D","","","","","01-01-1900 00:00:00","0","","MIGRASI","11-05-2015 15:42:00",
"31127760015691","01","1","1A00","SD","","0","D","","","","","01-01-1900 00:00:00","0","","MIGRASI","11-05-2015 15:42:00",
"31127858017328","01","1","1A00","SD","","0","D","","","","","01-01-1900 00:00:00","0","","MIGRASI","11-05-2015 15:42:00",
"31127859017331","01","1","1A00","SD","","0","D","","","","","01-01-1900 00:00:00","0","","MIGRASI","11-05-2015 15:42:00",
"31127861017333","01","1","1A00","SD","","0","D","","","","","01-01-1900 00:00:00","0","","MIGRASI","11-05-2015 15:42:00",
"31127861017333","01","1","1A00","SD","","0","D","","","","","01-01-1900 00:00:00","0","","MIGRASI","11-05-2015 15:42:00",
"31127959018640","01","1","1A00","SD","","0","D","","","","","01-01-1900 00:00:00","0","","MIGRASI","11-05-2015 15:42:00",
"31127959018640","01","1","1A00","SD","","0","D","","","","","01-01-1900 00:00:00","0","","MIGRASI","11-05-2015 15:42:00",
"31127960018641","01","1","1A00","SD","","0","D","","","","","01-01-1900 00:00:00","0","","MIGRASI","11-05-2015 15:42:00",
"31127960018641","01","1","1A00","SD","","0","D","","","","","01-01-1900 00:00:00","0","","MIGRASI","11-05-2015 15:42:00",
"31127961018642","01","1","1A00","SD","","0","D","","","","","01-01-1900 00:00:00","0","","MIGRASI","11-05-2015 15:42:00",
"31127961018642","01","1","1A00","SD","","0","D","","","","","01-01-1900 00:00:00","0","","MIGRASI","11-05-2015 15:42:00",
"01017858015869","01","1","1A00","SD","SUKABUMI","1","D","1964","1970","L","OE.0000056","01-05-1970 00:00:00","0","","MIGRASI","11-05-2015 15:42:00",
"01059458031138","01","1","1A00","SD","SUKABUMI","1","D","1964","1970","L","OE.0000125","01-05-1970 00:00:00","0","","MIGRASI","11-05-2015 15:42:00",
"01027959017564","01","1","1A00","SD","SUKABUMI","0","D","1965","1971","L","OE.123654","01-05-1971 00:00:00","0","","MIGRASI","11-05-2015 15:42:00",
"01010161035744","01","1","1A00","SD","SUKABUMI","1","D","1967","1972","L","OE.0225","01-05-1972 00:00:00","0","","MIGRASI","11-05-2015 15:42:00",
"01017960018241","01","1","1A00","SD","SUKABUMI","1","D","1966","1972","L","OE.0003","01-05-1972 00:00:00","0","","MIGRASI","11-05-2015 15:42:00",
"01017961017463","01","1","1A00","SD","SUKABUMI","1","D","1966","1972","L","OE.00005","01-05-1972 00:00:00","0","","MIGRASI","11-05-2015 15:42:00",
"01018761026932","01","1","1A00","SD","SUKABUMI","1","D","1967","1972","L","OE.032156","01-05-1972 00:00:00","0","","MIGRASI","11-05-2015 15:42:00",
"01019059028520","01","1","1A00","SD","SUKABUMI","1","D","1966","1972","L","OE.","01-05-1972 00:00:00","0","","MIGRASI","11-05-2015 15:42:00",
"01019059028648","01","1","1A00","SD","SUKABUMI","0","D","1966","1972","L","OE.","01-05-1972 00:00:00","0","","MIGRASI","11-05-2015 15:42:01",
"01019060028649","01","1","1A00","SD","SUKABUMI","0","D","1966","1972","L","OE.00001","01-05-1972 00:00:00","0","","MIGRASI","11-05-2015 15:42:01",
"01019060028650","01","1","1A00","SD","SUKABUMI","0","D","1966","1972","L","OE.0002","01-05-1972 00:00:00","0","","MIGRASI","11-05-2015 15:42:01",
"01027959017565","01","1","1A00","SD","SUKABUMI","0","D","1966","1972","L","OE.00056","01-05-1972 00:00:00","0","","MIGRASI","11-05-2015 15:42:01",
"01010162035748","01","1","1A00","SD","SUKABUMI","1","D","1967","1973","L","OE.00002","01-05-1973 00:00:00","0","","MIGRASI","11-05-2015 15:42:01",
"01017961017462","01","1","1A00","SD","SUKABUMI","1","D","1967","1973","L","OE.0005","01-05-1973 00:00:00","0","","MIGRASI","11-05-2015 15:42:01",
"01018261021250","01","2","2A00","SMP","SUKABUMI","1","D","1970","1973","L","OES.00004","01-05-1973 00:00:00","0","","MIGRASI","11-05-2015 15:42:01",
"01059460031140","01","1","1A00","SD","SUKABUMI","1","D","1967","1973","L","OE.000025","01-05-1973 00:00:00","0","","MIGRASI","11-05-2015 15:42:01",
"01010072034888","01","1","1A00","PENDIDIKAN DASAR","SUKABUMI","2","D","1979","1985","L","OE.012659","31-05-1985 00:00:00","0","","MIGRASI","11-05-2015 15:42:02",
"01049066028873","03","3","3A00","LANJUTAN ATAS","SUKABUMI","2","D","1983","1986","L","0099433","04-02-1986 00:00:00","0","","MIGRASI","11-05-2015 15:42:02",
"01049067028813","03","3","3D00","SEK.MENENGAH EKONOMI ATAS","BOGOR","1","D","1983","1984","T","","01-04-1986 00:00:00","0","","MIGRASI","11-05-2015 15:42:02",
"01049066028874","03","3","3A00","LANJUTAN ATAS","SUKABUMI","2","D","1983","1986","L","0675997","30-04-1986 00:00:00","0","","MIGRASI","11-05-2015 15:42:02",
"01059465031152","03","3","3A00","LANJUTAN ATAS","SUKABUMI","2","D","1982","1986","L","02OCob.0675903","30-04-1986 00:00:00","0","","MIGRASI","11-05-2015 15:42:02",
"01010174035743","01","1","1A00","SD","SUKABUMI","1","D","1980","1986","L","OE.00056","01-05-1986 00:00:00","0","","MIGRASI","11-05-2015 15:42:02",
"01030274037205","01","1","1A00","SD","SUKABUMI","0","D","1980","1986","L","OE.25896","01-05-1986 00:00:00","0","","MIGRASI","11-05-2015 15:42:02",
"01050572039897","01","1","1A00","SD","SUKABUMI","1","D","1980","1986","L","OE.00002","01-05-1986 00:00:00","0","","MIGRASI","11-05-2015 15:42:02",
"01050773041039","01","1","1A00","SD","SUKABUMI","1","D","1980","1986","L","OE.0000125","01-05-1986 00:00:00","0","","MIGRASI","11-05-2015 15:42:02",
"01079969034914","02","2","2M00","MADRASAH TSANAWIYAH","SUKABUMI","1","D","1983","1986","L","Wi.LXXXVI12351","01-05-1986 00:00:00","0","","MIGRASI","11-05-2015 15:42:02",
"01050569039888","01","3","3AH0","SOSIAL","SUKABUMI","1","D","1981","1986","L","02 OB ob 1429839","06-05-1986 00:00:00","0","","MIGRASI","11-05-2015 15:42:02",
"01079570031586","02","2","2A00","LANJUTAN PERTAMA","SUKABUMI","2","D","1983","1986","L","1429871","06-05-1986 00:00:00","0","","MIGRASI","11-05-2015 15:42:02",
"01099168030368","02","2","2A00","LANJUTAN PERTAMA","SUKABUMI","2","D","1983","1986","L","02OBob.1423922","06-05-1986 00:00:00","0","","MIGRASI","11-05-2015 15:42:02",
"01010070034898","01","1","1A00","PENDIDIKAN DASAR","SUKABUMI","2","D","1977","1986","L","OE.12365","14-05-1986 00:00:00","0","","MIGRASI","11-05-2015 15:42:02",
"01070174036393","01","1","1A00","SD","JAKARTA","0","D","1980","1986","L","No.OA oa 0045251","19-05-1986 00:00:00","0","","MIGRASI","11-05-2015 15:42:02",
"01019062028529","001","","3BD0","SILIWANGI AMS SUKABUMI","SUKABUMI","Diakui","D","1980","1983","Y","02 OC ou 0051416","30-04-1983 00:00:00","0","","","01-01-1900 00:00:00",
"01079169030226","001","","3A00","SMA NEGRI 1 CIAWI","BOGOR","Diakui","D","1986","1989","Y","1075/I02/Kep/I/89","13-05-1989 00:00:00","80","","","01-01-1900 00:00:00",
"02018564024718","001","","3A00","SMA N I CIAWI","BOGOR","Diakui","D","","","","","01-01-1900 00:00:00","0","","","01-01-1900 00:00:00",
"01019064029803","001","","3000","NEGERI","INDONESIA","Diakui","D","","","L","","01-01-1900 00:00:00","0","","","01-01-1900 00:00:00",
"01018566024273","01","3","3A00","","","0","D","","","L","","01-01-1900 00:00:00","0","","MIGRASI","18-05-2015 11:42:19",
"01011389042091","01","7","7000","SARJANA PERTANIAN","BANDUNG","1","D","2008","2011","L","","01-01-1900 00:00:00","10","","MIGRASI","11-05-2015 22:29:58",
"01059461031142","01","1","1A00","SD","SUKABUMI","0","D","1967","1973","L","OE.3256","01-05-1973 00:00:00","0","","MIGRASI","11-05-2015 15:42:01",
"01019061028651","01","1","1A00","SD","SUKABUMI","0","D","1968","1974","L","OE.0002","01-05-1974 00:00:00","0","","MIGRASI","11-05-2015 15:42:01",
"01019962033308","01","1","1A00","SD","SUKABUMI","0","D","1968","1974","L","OE.00543","01-05-1974 00:00:00","0","","MIGRASI","11-05-2015 15:42:01",
"01027962017567","01","1","1A00","SD","SUKABUMI","0","D","1968","1974","L","OE.01256","01-05-1974 00:00:00","0","","MIGRASI","11-05-2015 15:42:01",
"01028062019320","01","1","1A00","SD","SUKABUMI","0","D","1968","1974","L","OE.00005","01-05-1974 00:00:00","0","","MIGRASI","11-05-2015 15:42:01",
"01059462031144","01","1","1A00","SD","SUKABUMI","0","D","1968","1974","L","OE.14756","01-05-1974 00:00:00","0","","MIGRASI","11-05-2015 15:42:01",
"01059462031146","01","1","1A00","SD","SUKABUMI","0","D","1968","1974","L","OE.52636","01-05-1974 00:00:00","0","","MIGRASI","11-05-2015 15:42:01",
"01059462031147","01","1","1A00","SD","SUKABUMI","0","D","1968","1974","L","OE.000013","01-05-1974 00:00:00","0","","MIGRASI","11-05-2015 15:42:01",
"01010060034884","01","1","1A00","PENDIDIKAN DASAR","SUKABUMI","2","D","1968","1974","L","OE.0165","09-05-1974 00:00:00","0","","MIGRASI","11-05-2015 15:42:01",
"01018762027015","01","3","3B00","STM","SUKABUMI","1","D","1980","1983","L","OE.215636","01-06-1974 00:00:00","0","","MIGRASI","11-05-2015 15:42:01",
"01018761026941","01","1","1A00","SEKOLAH DASAR","SUKABUMI","2","D","1968","1974","L","X.Aa.42474","10-12-1974 00:00:00","0","","MIGRASI","11-05-2015 15:42:01",
"01099160030331","01","1","1A00","SEKOLAH DASAR","SUKABUMI","2","D","1968","1974","L","XAa.44100","10-12-1974 00:00:00","0","","MIGRASI","11-05-2015 15:42:01",
"01010365039058","01","1","1000","SD","SUKABUMI","1","D","1971","1975","L","OE.256","01-05-1975 00:00:00","0","","MIGRASI","11-05-2015 15:42:01",
"01018563024704","01","1","1A00","SD","SUKABUMI","1","D","1969","1975","L","OE.000045","01-05-1975 00:00:00","0","","MIGRASI","11-05-2015 15:42:01",
"01018762027013","01","1","1A00","SEKOLAH DASAR","SUKABUMI","2","D","1969","1975","L","OE.100003","01-05-1975 00:00:00","0","","MIGRASI","11-05-2015 15:42:01",
"01018963028023","01","1","1A00","SD","CIANJUR","1","D","1969","1975","L","OE.00000","01-05-1975 00:00:00","0","","MIGRASI","11-05-2015 15:42:01",
"01019062028514","01","1","1A00","SD","SUKABUMI","0","D","1969","1975","L","OE.12366","01-05-1975 00:00:00","0","","MIGRASI","11-05-2015 15:42:01",
"01019062028516","01","1","1A00","SD","SUKABUMI","0","D","1969","1975","L","OE.000236","01-05-1975 00:00:00","0","","MIGRASI","11-05-2015 15:42:01",
"01027963017572","01","1","1A00","SD","SUKABUMI","0","D","1969","1975","L","OE.00032","01-05-1975 00:00:00","0","","MIGRASI","11-05-2015 15:42:01",
"01027963017575","01","1","1A00","SD","SUKABUMI","0","D","1969","1975","L","OE.0001236","01-05-1975 00:00:00","0","","MIGRASI","11-05-2015 15:42:01",
"01059462031143","01","1","1A00","SD","SUKABUMI","1","D","1969","1975","L","OE.000215","01-05-1975 00:00:00","0","","MIGRASI","11-05-2015 15:42:01",
"01018762027014","01","1","1A00","SEKOLAH DASAR","SUKABUMI","1","D","1970","1976","L","OE.000521","01-05-1976 00:00:00","0","","MIGRASI","11-05-2015 15:42:01",
"01018763027016","01","1","1A00","SD","SUKABUMI","1","D","1970","1976","L","OE.986321","01-05-1976 00:00:00","0","","MIGRASI","11-05-2015 15:42:01",
"01019964033304","01","1","1A00","SD","SUKABUMI","0","D","1970","1976","L","OE12546","01-05-1976 00:00:00","0","","MIGRASI","11-05-2015 15:42:01",
"01027963017571","01","1","1A00","SD","SUKABUMI","0","D","1970","1976","L","OE.0126","01-05-1976 00:00:00","0","","MIGRASI","11-05-2015 15:42:01",
"01027963017576","01","1","1A00","SD","SUKABUMI","0","D","1970","1976","L","OE.00002","01-05-1976 00:00:00","0","","MIGRASI","11-05-2015 15:42:01",
"01030262037203","01","1","1A00","SD","SUKABUMI","1","L","1968","1976","L","OE.00003","01-05-1976 00:00:00","0","","MIGRASI","11-05-2015 15:42:01",
"01059462031148","01","1","1A00","SEKOLAH DASAR","GARUT","1","D","1970","1976","L","OE.","01-05-1976 00:00:00","0","","MIGRASI","11-05-2015 15:42:01",
"01059464031145","01","1","1A00","SEKOLAH DASAR","SUKABUMI","1","D","1970","1976","L","OE.","01-05-1976 00:00:00","0","","MIGRASI","11-05-2015 15:42:01",
"01099163030347","01","1","3A00","SEKOLAH DASAR","SUKABUMI","2","D","1970","1976","L","66295","11-12-1976 00:00:00","0","","MIGRASI","11-05-2015 15:42:01",
"02048562000219","01","1","1A00","SEKOLAH DASAR","SUKABUMI","2","D","1970","1976","L","61650","11-12-1976 00:00:00","0","","MIGRASI","11-05-2015 15:42:01",
"01019064028653","01","1","1A00","SD","SUKABUMI","0","D","1971","1977","L","OE.000036","01-05-1977 00:00:00","0","","MIGRASI","11-05-2015 15:42:01",
"01019064028654","01","1","1A00","SD","SUKABUMI","0","D","1971","1977","L","OE.00024","01-05-1977 00:00:00","0","","MIGRASI","11-05-2015 15:42:01",
"01019065028522","01","1","1A00","SD","SUKABUMI","0","D","1971","1977","L","OE.000236","01-05-1977 00:00:00","0","","MIGRASI","11-05-2015 15:42:01",
"01019065028655","01","1","1A00","SD","SUKABUMI","0","D","1971","1977","L","OE.00036","01-05-1977 00:00:00","0","","MIGRASI","11-05-2015 15:42:01",
"01027963017573","01","1","1A00","SD","SUKABUMI","0","D","1970","1977","L","OE.00003","01-05-1977 00:00:00","0","","MIGRASI","11-05-2015 15:42:01",
"01027963017574","01","1","1A00","SD","SUKABUMI","0","D","1970","1977","L","OE.00013","01-05-1977 00:00:00","0","","MIGRASI","11-05-2015 15:42:01",
"01030265037190","01","1","1A00","SD","SUKABUMI","0","D","1971","1977","L","OE.3200013","01-05-1977 00:00:00","0","","MIGRASI","11-05-2015 15:42:01",
"01049064028870","01","1","1A00","SD","SUKABUMI","1","D","1971","1977","L","OE.00003","01-05-1977 00:00:00","0","","MIGRASI","11-05-2015 15:42:01",
"01049064028869","01","1","1A00","SD","SUKABUMI","1","D","1971","1977","L","OE.01051977","01-07-1977 00:00:00","0","","MIGRASI","11-05-2015 15:42:01",
"01010365039062","01","1","1000","SD","SUKABUMI","1","L","1971","1977","L","OE.00022","01-12-1977 00:00:00","0","","MIGRASI","11-05-2015 15:42:01",
"01018761026941","02","2","2A00","LANJUTAN PERTAMA","SUKABUMI","2","D","1974","1977","L","X.Bb.37392","01-12-1977 00:00:00","0","","MIGRASI","11-05-2015 15:42:01",
"01099160030331","02","2","2A00","LANJUTAN PERTAMA","SUKABUMI","2","D","1974","1977","L","XBb.45984","01-12-1977 00:00:00","0","","MIGRASI","11-05-2015 15:42:01",
"01010363039061","01","1","1A00","SD","SUKABUMI","1","D","1972","1978","L","OE.000425","01-05-1978 00:00:00","0","","MIGRASI","11-05-2015 15:42:01",
"01018762027013","02","2","2A00","LANJUTAN PERTAMA","SUKABUMI","2","D","1975","1978","L","OB.023654","01-05-1978 00:00:00","0","","MIGRASI","11-05-2015 15:42:01",
"01019066028656","01","1","1A00","SD","SUKABUMI","0","D","1972","1978","L","OE.00036","01-05-1978 00:00:00","0","","MIGRASI","11-05-2015 15:42:01",
"01019066028657","01","1","1A00","SD","SUKABUMI","0","D","1972","1978","L","OE.000379","01-05-1978 00:00:00","0","","MIGRASI","11-05-2015 15:42:01",
"01019066028658","01","1","1A00","SD","SUKABUMI","0","D","1972","1978","L","OE.0000369","01-05-1978 00:00:00","0","","MIGRASI","11-05-2015 15:42:01",
"01019966033307","01","1","1A00","SD","SUKABUMI","0","D","1972","1978","L","OE.00069","01-05-1978 00:00:00","0","","MIGRASI","11-05-2015 15:42:01",
"01030265037187","01","1","1A00","SD","SUKABUMI","0","L","1972","1978","L","OE.00003","01-05-1978 00:00:00","0","","MIGRASI","11-05-2015 15:42:01",
"01030266037185","01","1","1A00","SD","SUKABUMI","0","D","1972","1978","L","OE.00047","01-05-1978 00:00:00","0","","MIGRASI","11-05-2015 15:42:01",
"01019865032841","01","1","1A00","SEKOLAH DASAR","SUKABUMI","0","D","1973","1979","L","OE.00058","01-05-1979 00:00:00","0","","MIGRASI","11-05-2015 15:42:01",
"01030267037194","01","1","1A00","SD","SUKABUMI","0","D","1973","1979","L","OE.000326","01-05-1979 00:00:00","0","","MIGRASI","11-05-2015 15:42:01",
"01049067028875","01","1","1A00","SD","SUKABUMI","1","D","1973","1979","L","OE.00002","01-05-1979 00:00:00","0","","MIGRASI","11-05-2015 15:42:01",
"01059462031148","02","2","2A00","LANJUTAN PERTAMA","GARUT","1","D","1976","1979","L","OA.","01-05-1979 00:00:00","0","","MIGRASI","11-05-2015 15:42:01",
"01018765027017","01","1","1A00","SEKOLAH DASAR","SUKABUMI","0","D","1973","1979","L","58504","31-05-1979 00:00:00","0","","MIGRASI","11-05-2015 15:42:01",
"01049065028872","01","1","1A00","SEKOLAH DASAR","SUKABUMI","2","D","1973","1979","L","59330","31-05-1979 00:00:00","0","","MIGRASI","11-05-2015 15:42:01",
"01079165030278","01","1","1A00","SEKOLAH DASAR","SUKABUMI","2","D","1973","1979","L","XAa.63896","31-05-1979 00:00:00","0","","MIGRASI","11-05-2015 15:42:01",
"01070166036397","01","1","1A00","SD","SUKABUMI","0","D","1973","1979","L","XA a No.235425","15-12-1979 00:00:00","0","","MIGRASI","11-05-2015 15:42:01",
"01049066028873","01","1","1A00","SEKOLAH DASAR","SUKABUMI","2","D","1974","1980","L","104907","26-03-1980 00:00:00","0","","MIGRASI","11-05-2015 15:42:01",
"01019065028531","01","1","1A00","SEKOLAH DASAR","SUKABUMI","2","D","1974","1980","L","XAa.084817","01-05-1980 00:00:00","0","","MIGRASI","11-05-2015 15:42:01",
"01019967033306","01","1","1A00","SD","SUKABUMI","0","D","1974","1980","L","OE.000256","01-05-1980 00:00:00","0","","MIGRASI","11-05-2015 15:42:01",
"01030268037192","01","1","1A00","SEKOLAH DASAR","SUKABUMI","0","L","1974","1980","L","OE.00126","01-05-1980 00:00:00","0","","MIGRASI","11-05-2015 15:42:01",
"01049065028871","01","2","2A00","SMP","SUKABUMI","1","D","1977","1980","L","OA.00003","01-05-1980 00:00:00","0","","MIGRASI","11-05-2015 15:42:01",
"01099163030347","02","2","2A00","LANJUTAN PERTAMA","SUKABUMI","2","D","1976","1980","L","694824","14-05-1980 00:00:00","0","","MIGRASI","11-05-2015 15:42:01",
"02048562000219","02","2","2A00","LANJUTAN PERTAMA","SUKABUMI","2","D","1976","1980","L","XBb.695663","14-05-1980 00:00:00","0","","MIGRASI","11-05-2015 15:42:01",
"01040467039270","01","1","1A00","SD","SUKABUMI","0","D","1974","1980","L","XAa No 083765","31-05-1980 00:00:00","82","","MIGRASI","11-05-2015 15:42:01",
"01049066028874","01","1","1A00","SEKOLAH DASAR","SUKABUMI","2","D","1974","1980","L","083540","31-05-1980 00:00:00","0","","MIGRASI","11-05-2015 15:42:01",
"01049067028813","01","1","1A00","SEKOLAH DASAR","BOGOR","2","D","1974","1979","L","XAa116461","31-05-1980 00:00:00","0","","MIGRASI","11-05-2015 15:42:01",
"01059465031152","01","1","1A00","SEKOLAH DASAR","SUKABUMI","2","D","1973","1979","L","XAa.080319","31-05-1980 00:00:00","0","","MIGRASI","11-05-2015 15:42:01",
"01018761026941","03","3","3A00","LANJUTAN ATAS","SUKABUMI","2","D","1977","1981","L","02.OC.oh.0257594","24-04-1981 00:00:00","0","","MIGRASI","11-05-2015 15:42:01",
"01010369039053","01","1","1A00","SD","SUKABUMI","1","D","1975","1981","L","OE.0000","01-05-1981 00:00:00","0","","MIGRASI","11-05-2015 15:42:01",
"01010369039056","01","1","1000","SD","SUKABUMI","1","D","1978","1981","L","OE.OOOOO2","01-05-1981 00:00:00","0","","MIGRASI","11-05-2015 15:42:01",
"01099160030331","03","3","3B00","TEKNIK MENENGAH","JAKARTA","2","D","1977","1981","L","OIOCou.0089541","01-05-1981 00:00:00","0","","MIGRASI","11-05-2015 15:42:01",
"01059467031154","01","1","1A00","SEKOLAH DASAR","SUKABUMI","2","D","1975","1981","L","02OAoa.343738","21-05-1981 00:00:00","0","","MIGRASI","11-05-2015 15:42:01",
"01010166035742","01","1","1A00","SD","SUKABUMI","1","D","1975","1981","L","OE.0000565","02-06-1981 00:00:00","0","","MIGRASI","11-05-2015 15:42:01",
"01010368039055","01","0","1000","SD","SUKABUMI","1","D","1975","1981","L","OE.00002","01-12-1981 00:00:00","0","","MIGRASI","11-05-2015 15:42:01",
"01010370039052","01","1","1A00","SD","SUKABUMI","1","D","1976","1982","L","OE.00056","01-05-1982 00:00:00","0","","MIGRASI","11-05-2015 15:42:01",
"01019968033305","01","1","1A00","SD","SUKABUMI","0","D","1974","1982","L","OE.00056","01-05-1982 00:00:00","0","","MIGRASI","11-05-2015 15:42:01",
"01019970033269","01","1","1A00","SD","BOGOR","0","D","1976","1982","L","OE.000521","01-05-1982 00:00:00","0","","MIGRASI","11-05-2015 15:42:01",
"01030268037206","01","2","2A00","SMP","SUKABUMI","1","D","1979","1982","L","OA.231566","01-05-1982 00:00:00","0","","MIGRASI","11-05-2015 15:42:01",
"01030270037196","01","1","1A00","SD","SUKABUMI","0","D","1976","1982","L","OE.0001236","01-05-1982 00:00:00","0","","MIGRASI","11-05-2015 15:42:01",
"01030270037197","01","1","1A00","SD","SUKABUMI","0","D","1976","1982","L","OE.0001236","01-05-1982 00:00:00","0","","MIGRASI","11-05-2015 15:42:01",
"01030270037198","01","1","1000","SD","SUKABUMI","0","D","1976","1982","L","OE.001365","01-05-1982 00:00:00","0","","MIGRASI","11-05-2015 15:42:01",
"01050570039898","01","1","1A00","SD","SUKABUMI","1","D","1976","1982","L","OE.0003","01-05-1982 00:00:00","0","","MIGRASI","11-05-2015 15:42:01",
"01050769041041","01","1","1A00","SD","SUKABUM","1","D","1976","1982","L","OE.00125","01-05-1982 00:00:00","0","","MIGRASI","11-05-2015 15:42:01",
"01010069034894","01","1","1A00","PENDIDIKAN DASAR","SUKABUMI","2","D","1976","1982","L","OE.00569","13-05-1982 00:00:00","0","","MIGRASI","11-05-2015 15:42:01",
"01059467031149","01","1","1A00","SDN GARUT","GARUT","2","D","1976","1982","L","130420","29-05-1982 00:00:00","0","","MIGRASI","11-05-2015 15:42:01",
"01019065028517","01","2","2A00","SMP","SUKABUMI","0","D","1977","1980","L","OA.1236","01-06-1982 00:00:00","0","","MIGRASI","11-05-2015 15:42:01",
"01018765027017","02","2","2A00","LANJUTAN PERTAMA","SUKABUMI","0","D","1979","1982","L","1003547","07-06-1982 00:00:00","0","","MIGRASI","11-05-2015 15:42:01",
"01079165030278","02","2","2A00","LANJUTAN PERTAMA","SUKABUMI","2","D","1979","1982","L","02OBob.1002106","07-06-1982 00:00:00","0","","MIGRASI","11-05-2015 15:42:01",
"01049066028873","02","2","2A00","LANJUTAN PERTAMA","SUKABUMI","2","D","1980","1983","L","1021650","07-03-1983 00:00:00","0","","MIGRASI","11-05-2015 15:42:01",
"01099163030347","03","3","3A00","LANJUTAN ATAS","SUKABUMI","1","D","1980","1983","L","0150652","30-04-1983 00:00:00","0","","MIGRASI","11-05-2015 15:42:01",
"02048562000219","03","3","3B00","TEKNIK PERTANIAN","SUKABUMI","1","D","1980","1983","L","02OCou.0059324","30-04-1983 00:00:00","0","","MIGRASI","11-05-2015 15:42:01",
"01010371039054","01","1","1A00","SD","SUKABUMI","1","D","1977","1983","L","OE.00056","01-05-1983 00:00:00","0","","MIGRASI","11-05-2015 15:42:01",
"01010371039064","01","1","1A00","SD","SUKABUMI","1","D","1977","1983","L","OE.000025","01-05-1983 00:00:00","0","","MIGRASI","11-05-2015 15:42:01",
"01019065028531","02","2","2A00","LANJUTAN PERTAMA","SUKABUMI","2","D","1980","1983","L","02OBob.1020761","01-05-1983 00:00:00","0","","MIGRASI","11-05-2015 15:42:01",
"01030271037195","01","1","1A00","SD","SUKABUMI","0","D","1977","1983","L","OE.0123645","01-05-1983 00:00:00","0","","MIGRASI","11-05-2015 15:42:01",
"01030271037200","01","1","1A00","SD","SUKABUMI","0","D","1977","1983","L","OE.012665","01-05-1983 00:00:00","0","","MIGRASI","11-05-2015 15:42:01",
"01050570039894","01","1","1A00","SD","SUKABUMI","1","D","1977","1983","L","OE.0002","01-05-1983 00:00:00","0","","MIGRASI","11-05-2015 15:42:01",
"01049066028874","02","2","2A00","LANJUTAN PERTAMA","SUKABUMI","2","D","1980","1983","L","1012467","31-05-1983 00:00:00","0","","MIGRASI","11-05-2015 15:42:01",
